"genre","start_year","average_rating","num_votes","primary_title","tconst","priority","title_type","genres","directors"
"Comedy",1924,8.1,65521,"Sherlock Jr.","tt0015324",False,"movie","Action - Comedy - Romance","Buster Keaton"
"Action",1924,8.1,65521,"Sherlock Jr.","tt0015324",False,"movie","Action - Comedy - Romance","Buster Keaton"
"Romance",1924,8.1,65521,"Sherlock Jr.","tt0015324",False,"movie","Action - Comedy - Romance","Buster Keaton"
"Action",1926,8.1,106053,"The General","tt0017925",False,"movie","Action - Adventure - Comedy","Buster Keaton - Clyde Bruckman"
"Adventure",1926,8.1,106053,"The General","tt0017925",False,"movie","Action - Adventure - Comedy","Buster Keaton - Clyde Bruckman"
"Comedy",1926,8.1,106053,"The General","tt0017925",False,"movie","Action - Adventure - Comedy","Buster Keaton - Clyde Bruckman"
"Drama",1931,8.5,216100,"City Lights","tt0021749",True,"movie","Comedy - Drama - Romance","Charles Chaplin"
"Romance",1931,8.5,216100,"City Lights","tt0021749",True,"movie","Comedy - Drama - Romance","Charles Chaplin"
"Comedy",1931,8.5,216100,"City Lights","tt0021749",True,"movie","Comedy - Drama - Romance","Charles Chaplin"
"Comedy",1934,8.1,119606,"It Happened One Night","tt0025316",False,"movie","Comedy - Romance","Frank Capra"
"Romance",1934,8.1,119606,"It Happened One Night","tt0025316",False,"movie","Comedy - Romance","Frank Capra"
"Romance",1939,8.2,355991,"Gone with the Wind","tt0031381",False,"movie","Drama - Romance - War","Victor Fleming"
"Drama",1939,8.2,355991,"Gone with the Wind","tt0031381",False,"movie","Drama - Romance - War","Victor Fleming"
"War",1939,8.2,355991,"Gone with the Wind","tt0031381",False,"movie","Drama - Romance - War","Victor Fleming"
"Comedy",1939,8.1,129300,"Mr. Smith Goes to Washington","tt0031679",True,"movie","Comedy - Drama","Frank Capra"
"Drama",1939,8.1,129300,"Mr. Smith Goes to Washington","tt0031679",True,"movie","Comedy - Drama","Frank Capra"
"Drama",1940,8.1,108217,"The Grapes of Wrath","tt0032551",False,"movie","Drama","John Ford"
"Comedy",1940,8.4,259077,"The Great Dictator","tt0032553",True,"movie","Comedy - Drama - War","Charles Chaplin"
"Drama",1940,8.4,259077,"The Great Dictator","tt0032553",True,"movie","Comedy - Drama - War","Charles Chaplin"
"War",1940,8.4,259077,"The Great Dictator","tt0032553",True,"movie","Comedy - Drama - War","Charles Chaplin"
"Drama",1941,8.2,493011,"Citizen Kane","tt0033467",False,"movie","Drama - Mystery","Orson Welles"
"Mystery",1941,8.2,493011,"Citizen Kane","tt0033467",False,"movie","Drama - Mystery","Orson Welles"
"Romance",1942,8.5,654433,"Casablanca","tt0034583",False,"movie","Drama - Romance - War","Michael Curtiz"
"Drama",1942,8.5,654433,"Casablanca","tt0034583",False,"movie","Drama - Romance - War","Michael Curtiz"
"War",1942,8.5,654433,"Casablanca","tt0034583",False,"movie","Drama - Romance - War","Michael Curtiz"
"Drama",1948,8.2,192328,"Bicycle Thieves","tt0040522",False,"movie","Drama","Vittorio De Sica"
"Drama",1949,8.1,195102,"The Third Man","tt0041959",True,"movie","Drama - Film-Noir - Mystery","Carol Reed"
"Film-Noir",1949,8.1,195102,"The Third Man","tt0041959",True,"movie","Drama - Film-Noir - Mystery","Carol Reed"
"Mystery",1949,8.1,195102,"The Third Man","tt0041959",True,"movie","Drama - Film-Noir - Mystery","Carol Reed"
"Crime",1950,8.1,196105,"Rashomon","tt0042876",False,"movie","Crime - Drama - Mystery","Akira Kurosawa"
"Drama",1950,8.1,196105,"Rashomon","tt0042876",False,"movie","Crime - Drama - Mystery","Akira Kurosawa"
"Mystery",1950,8.1,196105,"Rashomon","tt0042876",False,"movie","Crime - Drama - Mystery","Akira Kurosawa"
"Drama",1952,8.3,101956,"Ikiru","tt0044741",False,"movie","Drama","Akira Kurosawa"
"Adventure",1953,8.1,73382,"The Wages of Fear","tt0046268",False,"movie","Adventure - Drama - Thriller","Henri-Georges Clouzot"
"Drama",1953,8.1,73382,"The Wages of Fear","tt0046268",False,"movie","Adventure - Drama - Thriller","Henri-Georges Clouzot"
"Thriller",1953,8.1,73382,"The Wages of Fear","tt0046268",False,"movie","Adventure - Drama - Thriller","Henri-Georges Clouzot"
"Crime",1954,8.1,204322,"Dial M for Murder","tt0046912",False,"movie","Crime - Drama - Mystery","Alfred Hitchcock"
"Drama",1954,8.1,204322,"Dial M for Murder","tt0046912",False,"movie","Crime - Drama - Mystery","Alfred Hitchcock"
"Mystery",1954,8.1,204322,"Dial M for Murder","tt0046912",False,"movie","Crime - Drama - Mystery","Alfred Hitchcock"
"Drama",1954,8.5,568119,"Rear Window","tt0047396",False,"movie","Drama - Mystery - Thriller","Alfred Hitchcock"
"Mystery",1954,8.5,568119,"Rear Window","tt0047396",False,"movie","Drama - Mystery - Thriller","Alfred Hitchcock"
"Thriller",1954,8.5,568119,"Rear Window","tt0047396",False,"movie","Drama - Mystery - Thriller","Alfred Hitchcock"
"Action",1954,8.6,400964,"Seven Samurai","tt0047478",False,"movie","Action - Drama","Akira Kurosawa"
"Drama",1954,8.6,400964,"Seven Samurai","tt0047478",False,"movie","Action - Drama","Akira Kurosawa"
"Crime",1955,8.1,39320,"Rififi","tt0048021",False,"movie","Crime - Drama - Thriller","Jules Dassin"
"Drama",1955,8.1,39320,"Rififi","tt0048021",False,"movie","Crime - Drama - Thriller","Jules Dassin"
"Thriller",1955,8.1,39320,"Rififi","tt0048021",False,"movie","Crime - Drama - Thriller","Jules Dassin"
"Drama",1957,8.1,248323,"The Bridge on the River Kwai","tt0050212",True,"movie","Adventure - Drama - War","David Lean"
"Adventure",1957,8.1,248323,"The Bridge on the River Kwai","tt0050212",True,"movie","Adventure - Drama - War","David Lean"
"War",1957,8.1,248323,"The Bridge on the River Kwai","tt0050212",True,"movie","Adventure - Drama - War","David Lean"
"Drama",1957,8.4,238282,"Paths of Glory","tt0050825",False,"movie","Drama - War","Stanley Kubrick"
"War",1957,8.4,238282,"Paths of Glory","tt0050825",False,"movie","Drama - War","Stanley Kubrick"
"Drama",1957,8.1,215773,"The Seventh Seal","tt0050976",False,"movie","Drama - Fantasy","Ingmar Bergman"
"Fantasy",1957,8.1,215773,"The Seventh Seal","tt0050976",False,"movie","Drama - Fantasy","Ingmar Bergman"
"Drama",1957,8.1,124352,"Wild Strawberries","tt0050986",False,"movie","Drama - Romance","Ingmar Bergman"
"Romance",1957,8.1,124352,"Wild Strawberries","tt0050986",False,"movie","Drama - Romance","Ingmar Bergman"
"Crime",1957,8.4,161521,"Witness for the Prosecution","tt0051201",False,"movie","Crime - Drama - Mystery","Billy Wilder"
"Drama",1957,8.4,161521,"Witness for the Prosecution","tt0051201",False,"movie","Crime - Drama - Mystery","Billy Wilder"
"Mystery",1957,8.4,161521,"Witness for the Prosecution","tt0051201",False,"movie","Crime - Drama - Mystery","Billy Wilder"
"Adventure",1959,8.3,369194,"North by Northwest","tt0053125",False,"movie","Adventure - Drama - Mystery","Alfred Hitchcock"
"Drama",1959,8.3,369194,"North by Northwest","tt0053125",False,"movie","Adventure - Drama - Mystery","Alfred Hitchcock"
"Mystery",1959,8.3,369194,"North by Northwest","tt0053125",False,"movie","Adventure - Drama - Mystery","Alfred Hitchcock"
"Crime",1959,8.0,134341,"The 400 Blows","tt0053198",False,"movie","Crime - Drama","François Truffaut"
"Drama",1959,8.0,134341,"The 400 Blows","tt0053198",False,"movie","Crime - Drama","François Truffaut"
"Comedy",1960,8.3,218768,"The Apartment","tt0053604",False,"movie","Comedy - Drama - Romance","Billy Wilder"
"Drama",1960,8.3,218768,"The Apartment","tt0053604",False,"movie","Comedy - Drama - Romance","Billy Wilder"
"Romance",1960,8.3,218768,"The Apartment","tt0053604",False,"movie","Comedy - Drama - Romance","Billy Wilder"
"Drama",1961,8.3,96778,"Judgment at Nuremberg","tt0055031",False,"movie","Drama - History - War","Stanley Kramer"
"History",1961,8.3,96778,"Judgment at Nuremberg","tt0055031",False,"movie","Drama - History - War","Stanley Kramer"
"War",1961,8.3,96778,"Judgment at Nuremberg","tt0055031",False,"movie","Drama - History - War","Stanley Kramer"
"Action",1961,8.2,142750,"Yojimbo","tt0055630",False,"movie","Action - Drama - Thriller","Akira Kurosawa"
"Drama",1961,8.2,142750,"Yojimbo","tt0055630",False,"movie","Action - Drama - Thriller","Akira Kurosawa"
"Thriller",1961,8.2,142750,"Yojimbo","tt0055630",False,"movie","Action - Drama - Thriller","Akira Kurosawa"
"Adventure",1962,8.3,341344,"Lawrence of Arabia","tt0056172",False,"movie","Adventure - Biography - Drama","David Lean"
"Biography",1962,8.3,341344,"Lawrence of Arabia","tt0056172",False,"movie","Adventure - Biography - Drama","David Lean"
"Drama",1962,8.3,341344,"Lawrence of Arabia","tt0056172",False,"movie","Adventure - Biography - Drama","David Lean"
"Crime",1962,8.2,351220,"To Kill a Mockingbird","tt0056592",False,"movie","Crime - Drama","Robert Mulligan"
"Drama",1962,8.2,351220,"To Kill a Mockingbird","tt0056592",False,"movie","Crime - Drama","Robert Mulligan"
"Adventure",1963,8.2,277113,"The Great Escape","tt0057115",False,"movie","Adventure - Drama - Thriller","John Sturges"
"Drama",1963,8.2,277113,"The Great Escape","tt0057115",False,"movie","Adventure - Drama - Thriller","John Sturges"
"Thriller",1963,8.2,277113,"The Great Escape","tt0057115",False,"movie","Adventure - Drama - Thriller","John Sturges"
"Drama",1964,7.1,57563,"Marnie","tt0058329",True,"movie","Crime - Drama - Mystery","Alfred Hitchcock"
"Crime",1964,7.1,57563,"Marnie","tt0058329",True,"movie","Crime - Drama - Mystery","Alfred Hitchcock"
"Mystery",1964,7.1,57563,"Marnie","tt0058329",True,"movie","Crime - Drama - Mystery","Alfred Hitchcock"
"Drama",1965,8.2,10444,"The Shop on Main Street","tt0059527",False,"movie","Drama - War","Ján Kadár - Elmar Klos"
"War",1965,8.2,10444,"The Shop on Main Street","tt0059527",False,"movie","Drama - War","Ján Kadár - Elmar Klos"
"Thriller",1966,8.0,140240,"Persona","tt0060827",False,"movie","Drama - Thriller","Ingmar Bergman"
"Drama",1966,8.1,75472,"The Battle of Algiers","tt0058946",False,"movie","Drama - War","Gillo Pontecorvo"
"War",1966,8.1,75472,"The Battle of Algiers","tt0058946",False,"movie","Drama - War","Gillo Pontecorvo"
"Drama",1966,8.0,140240,"Persona","tt0060827",False,"movie","Drama - Thriller","Ingmar Bergman"
"Drama",1970,7.6,6447,"The Boys in the Band","tt0065488",False,"movie","Drama","William Friedkin"
"Comedy",1970,7.1,28261,"Catch-22","tt0065528",False,"movie","Comedy - Drama - War","Mike Nichols"
"Drama",1970,7.1,28261,"Catch-22","tt0065528",False,"movie","Comedy - Drama - War","Mike Nichols"
"War",1970,7.1,28261,"Catch-22","tt0065528",False,"movie","Comedy - Drama - War","Mike Nichols"
"Drama",1971,7.8,19786,"Johnny Got His Gun","tt0067277",True,"movie","Drama - War","Dalton Trumbo"
"War",1971,7.8,19786,"Johnny Got His Gun","tt0067277",True,"movie","Drama - War","Dalton Trumbo"
"Drama",1971,6.9,7851,"Sunday Bloody Sunday","tt0067805",False,"movie","Drama","John Schlesinger"
"Comedy",1973,8.2,299892,"The Sting","tt0070735",False,"movie","Comedy - Crime - Drama","George Roy Hill"
"Comedy",1973,7.4,105208,"American Graffiti","tt0069704",False,"movie","Comedy - Drama","George Lucas"
"Drama",1973,7.4,105208,"American Graffiti","tt0069704",False,"movie","Comedy - Drama","George Lucas"
"Crime",1973,7.8,52741,"The Day of the Jackal","tt0069947",True,"movie","Crime - Drama - Thriller","Fred Zinnemann"
"Drama",1973,7.8,52741,"The Day of the Jackal","tt0069947",True,"movie","Crime - Drama - Thriller","Fred Zinnemann"
"Thriller",1973,7.8,52741,"The Day of the Jackal","tt0069947",True,"movie","Crime - Drama - Thriller","Fred Zinnemann"
"Crime",1973,7.2,127899,"Mean Streets","tt0070379",False,"movie","Crime - Drama - Thriller","Martin Scorsese"
"Drama",1973,7.2,127899,"Mean Streets","tt0070379",False,"movie","Crime - Drama - Thriller","Martin Scorsese"
"Thriller",1973,7.2,127899,"Mean Streets","tt0070379",False,"movie","Crime - Drama - Thriller","Martin Scorsese"
"Crime",1973,8.2,299892,"The Sting","tt0070735",False,"movie","Comedy - Crime - Drama","George Roy Hill"
"Drama",1973,8.2,299892,"The Sting","tt0070735",False,"movie","Comedy - Crime - Drama","George Roy Hill"
"Adventure",1973,7.7,52316,"The Holy Mountain","tt0071615",True,"movie","Adventure - Drama - Fantasy","Alejandro Jodorowsky"
"Drama",1973,7.7,52316,"The Holy Mountain","tt0071615",True,"movie","Adventure - Drama - Fantasy","Alejandro Jodorowsky"
"Fantasy",1973,7.7,52316,"The Holy Mountain","tt0071615",True,"movie","Adventure - Drama - Fantasy","Alejandro Jodorowsky"
"Drama",1974,7.7,136613,"The Conversation","tt0071360",True,"movie","Drama - Mystery - Thriller","Francis Ford Coppola"
"Mystery",1974,7.7,136613,"The Conversation","tt0071360",True,"movie","Drama - Mystery - Thriller","Francis Ford Coppola"
"Thriller",1974,7.7,136613,"The Conversation","tt0071360",True,"movie","Drama - Mystery - Thriller","Francis Ford Coppola"
"Mystery",1974,8.1,376373,"Chinatown","tt0071315",False,"movie","Drama - Mystery - Thriller","Roman Polanski"
"Thriller",1974,8.1,376373,"Chinatown","tt0071315",False,"movie","Drama - Mystery - Thriller","Roman Polanski"
"Drama",1974,8.1,376373,"Chinatown","tt0071315",False,"movie","Drama - Mystery - Thriller","Roman Polanski"
"Comedy",1974,6.1,30242,"Dark Star","tt0069945",True,"movie","Comedy - Sci-Fi","John Carpenter"
"Sci-Fi",1974,6.1,30242,"Dark Star","tt0069945",True,"movie","Comedy - Sci-Fi","John Carpenter"
"Biography",1975,8.2,36294,"Dersu Uzala","tt0071411",False,"movie","Adventure - Biography - Drama","Akira Kurosawa"
"Adventure",1975,8.2,36294,"Dersu Uzala","tt0071411",False,"movie","Adventure - Biography - Drama","Akira Kurosawa"
"Drama",1975,8.2,36294,"Dersu Uzala","tt0071411",False,"movie","Adventure - Biography - Drama","Akira Kurosawa"
"Drama",1976,8.1,186216,"Network","tt0074958",False,"movie","Drama","Sidney Lumet"
"War",1977,7.4,67498,"A Bridge Too Far","tt0075784",False,"movie","Drama - History - War","Richard Attenborough"
"History",1977,7.4,67498,"A Bridge Too Far","tt0075784",False,"movie","Drama - History - War","Richard Attenborough"
"Drama",1977,7.4,67498,"A Bridge Too Far","tt0075784",False,"movie","Drama - History - War","Richard Attenborough"
"Action",1978,6.3,32394,"Every Which Way But Loose","tt0077523",False,"movie","Action - Comedy","James Fargo"
"Horror",1978,7.4,81185,"Invasion of the Body Snatchers","tt0077745",True,"movie","Horror - Sci-Fi","Philip Kaufman"
"Sci-Fi",1978,7.4,81185,"Invasion of the Body Snatchers","tt0077745",True,"movie","Horror - Sci-Fi","Philip Kaufman"
"Drama",1978,8.1,386274,"The Deer Hunter","tt0077416",False,"movie","Drama - War","Michael Cimino"
"War",1978,8.1,386274,"The Deer Hunter","tt0077416",False,"movie","Drama - War","Michael Cimino"
"Comedy",1978,6.3,32394,"Every Which Way But Loose","tt0077523",False,"movie","Action - Comedy","James Fargo"
"Sci-Fi",1979,8.0,156556,"Stalker","tt0079944",True,"movie","Drama - Sci-Fi","Andrei Tarkovsky"
"Adventure",1979,6.4,12349,"The Frisco Kid","tt0079180",False,"movie","Adventure - Comedy - Drama","Robert Aldrich"
"Comedy",1979,6.4,12349,"The Frisco Kid","tt0079180",False,"movie","Adventure - Comedy - Drama","Robert Aldrich"
"Drama",1979,6.4,12349,"The Frisco Kid","tt0079180",False,"movie","Adventure - Comedy - Drama","Robert Aldrich"
"Action",1979,6.8,244422,"Mad Max","tt0079501",True,"movie","Action - Adventure - Sci-Fi","George Miller"
"Adventure",1979,6.8,244422,"Mad Max","tt0079501",True,"movie","Action - Adventure - Sci-Fi","George Miller"
"Sci-Fi",1979,6.8,244422,"Mad Max","tt0079501",True,"movie","Action - Adventure - Sci-Fi","George Miller"
"Drama",1979,8.0,156556,"Stalker","tt0079944",True,"movie","Drama - Sci-Fi","Andrei Tarkovsky"
"Action",1980,6.5,66091,"Flash Gordon","tt0080745",False,"movie","Action - Adventure - Sci-Fi","Mike Hodges"
"Adventure",1980,6.5,66091,"Flash Gordon","tt0080745",False,"movie","Action - Adventure - Sci-Fi","Mike Hodges"
"Sci-Fi",1980,6.5,66091,"Flash Gordon","tt0080745",False,"movie","Action - Adventure - Sci-Fi","Mike Hodges"
"Biography",1982,8.0,247126,"Gandhi","tt0083987",False,"movie","Biography - Drama - History","Richard Attenborough"
"Drama",1982,8.0,247126,"Gandhi","tt0083987",False,"movie","Biography - Drama - History","Richard Attenborough"
"History",1982,8.0,247126,"Gandhi","tt0083987",False,"movie","Biography - Drama - History","Richard Attenborough"
"Drama",1982,6.9,3208,"Making Love","tt0084293",False,"movie","Drama - Romance","Arthur Hiller"
"Romance",1982,6.9,3208,"Making Love","tt0084293",False,"movie","Drama - Romance","Arthur Hiller"
"Drama",1982,8.0,89680,"Pink Floyd: The Wall","tt0084503",False,"movie","Drama - Fantasy - Music","Alan Parker"
"Fantasy",1982,8.0,89680,"Pink Floyd: The Wall","tt0084503",False,"movie","Drama - Fantasy - Music","Alan Parker"
"Music",1982,8.0,89680,"Pink Floyd: The Wall","tt0084503",False,"movie","Drama - Fantasy - Music","Alan Parker"
"Action",1984,6.3,68598,"Red Dawn","tt0087985",True,"movie","Action - Drama - Thriller","John Milius"
"Drama",1984,6.3,68598,"Red Dawn","tt0087985",True,"movie","Action - Drama - Thriller","John Milius"
"Thriller",1984,6.3,68598,"Red Dawn","tt0087985",True,"movie","Action - Drama - Thriller","John Milius"
"Action",1984,8.1,1001886,"The Terminator","tt0088247",True,"movie","Action - Adventure - Sci-Fi","James Cameron"
"Adventure",1984,8.1,1001886,"The Terminator","tt0088247",True,"movie","Action - Adventure - Sci-Fi","James Cameron"
"Sci-Fi",1984,8.1,1001886,"The Terminator","tt0088247",True,"movie","Action - Adventure - Sci-Fi","James Cameron"
"Romance",1985,7.3,113682,"Witness","tt0090329",False,"movie","Crime - Drama - Romance","Peter Weir"
"Action",1985,8.2,151563,"Ran","tt0089881",False,"movie","Action - Drama - War","Akira Kurosawa"
"Drama",1985,8.2,151563,"Ran","tt0089881",False,"movie","Action - Drama - War","Akira Kurosawa"
"War",1985,8.2,151563,"Ran","tt0089881",False,"movie","Action - Drama - War","Akira Kurosawa"
"Crime",1985,7.3,113682,"Witness","tt0090329",False,"movie","Crime - Drama - Romance","Peter Weir"
"Drama",1985,7.3,113682,"Witness","tt0090329",False,"movie","Crime - Drama - Romance","Peter Weir"
"Drama",1985,8.3,122128,"Come and See","tt0091251",True,"movie","Drama - Thriller - War","Elem Klimov"
"Thriller",1985,8.3,122128,"Come and See","tt0091251",True,"movie","Drama - Thriller - War","Elem Klimov"
"War",1985,8.3,122128,"Come and See","tt0091251",True,"movie","Drama - Thriller - War","Elem Klimov"
"Animation",1986,7.1,58767,"The Great Mouse Detective","tt0091149",False,"movie","Adventure - Animation - Family","Ron Clements - Burny Mattinson - Dave Michener - John Musker"
"Adventure",1986,7.1,58767,"The Great Mouse Detective","tt0091149",False,"movie","Adventure - Animation - Family","Ron Clements - Burny Mattinson - Dave Michener - John Musker"
"Family",1986,7.1,58767,"The Great Mouse Detective","tt0091149",False,"movie","Adventure - Animation - Family","Ron Clements - Burny Mattinson - Dave Michener - John Musker"
"Horror",1986,8.4,839022,"Aliens","tt0090605",False,"movie","Action - Adventure - Horror","James Cameron"
"Adventure",1986,8.4,839022,"Aliens","tt0090605",False,"movie","Action - Adventure - Horror","James Cameron"
"Action",1986,8.4,839022,"Aliens","tt0090605",False,"movie","Action - Adventure - Horror","James Cameron"
"Comedy",1986,7.1,94479,"Little Shop of Horrors","tt0091419",True,"movie","Comedy - Horror - Musical","Frank Oz"
"Horror",1986,7.1,94479,"Little Shop of Horrors","tt0091419",True,"movie","Comedy - Horror - Musical","Frank Oz"
"Musical",1986,7.1,94479,"Little Shop of Horrors","tt0091419",True,"movie","Comedy - Horror - Musical","Frank Oz"
"Action",1986,7.0,549907,"Top Gun","tt0092099",False,"movie","Action - Drama","Tony Scott"
"Drama",1986,7.0,549907,"Top Gun","tt0092099",False,"movie","Action - Drama","Tony Scott"
"Biography",1987,7.3,165096,"Good Morning, Vietnam","tt0093105",False,"movie","Biography - Comedy - Drama","Barry Levinson"
"Comedy",1987,7.3,165096,"Good Morning, Vietnam","tt0093105",False,"movie","Biography - Comedy - Drama","Barry Levinson"
"Drama",1987,7.3,165096,"Good Morning, Vietnam","tt0093105",False,"movie","Biography - Comedy - Drama","Barry Levinson"
"Comedy",1987,6.1,61483,"Three Men and a Baby","tt0094137",False,"movie","Comedy - Drama - Family","Leonard Nimoy"
"Drama",1987,6.1,61483,"Three Men and a Baby","tt0094137",False,"movie","Comedy - Drama - Family","Leonard Nimoy"
"Family",1987,6.1,61483,"Three Men and a Baby","tt0094137",False,"movie","Comedy - Drama - Family","Leonard Nimoy"
"Crime",1988,7.4,85990,"Dirty Rotten Scoundrels","tt0095031",False,"movie","Comedy - Crime","Frank Oz"
"Comedy",1988,7.4,85990,"Dirty Rotten Scoundrels","tt0095031",False,"movie","Comedy - Crime","Frank Oz"
"Crime",1988,6.8,61575,"Frantic","tt0095174",False,"movie","Crime - Drama - Mystery","Roman Polanski"
"Drama",1988,6.8,61575,"Frantic","tt0095174",False,"movie","Crime - Drama - Mystery","Roman Polanski"
"Mystery",1988,6.8,61575,"Frantic","tt0095174",False,"movie","Crime - Drama - Mystery","Roman Polanski"
"Adventure",1988,7.7,233089,"Who Framed Roger Rabbit","tt0096438",False,"movie","Adventure - Animation - Comedy","Robert Zemeckis"
"Animation",1988,7.7,233089,"Who Framed Roger Rabbit","tt0096438",False,"movie","Adventure - Animation - Comedy","Robert Zemeckis"
"Comedy",1988,7.7,233089,"Who Framed Roger Rabbit","tt0096438",False,"movie","Adventure - Animation - Comedy","Robert Zemeckis"
"Adventure",1988,7.1,59851,"The Adventures of Baron Munchausen","tt0096764",False,"movie","Adventure - Comedy - Fantasy","Terry Gilliam"
"Comedy",1988,7.1,59851,"The Adventures of Baron Munchausen","tt0096764",False,"movie","Adventure - Comedy - Fantasy","Terry Gilliam"
"Fantasy",1988,7.1,59851,"The Adventures of Baron Munchausen","tt0096764",False,"movie","Adventure - Comedy - Fantasy","Terry Gilliam"
"Drama",1989,8.1,649088,"Dead Poets Society","tt0097165",False,"movie","Comedy - Drama","Peter Weir"
"Comedy",1989,6.9,34130,"UHF","tt0098546",True,"movie","Comedy - Sci-Fi","Jay Levey"
"Sci-Fi",1989,6.9,34130,"UHF","tt0098546",True,"movie","Comedy - Sci-Fi","Jay Levey"
"Comedy",1989,8.1,649088,"Dead Poets Society","tt0097165",False,"movie","Comedy - Drama","Peter Weir"
"Biography",1989,6.3,2709,"Chattahoochee","tt0099242",False,"movie","Biography - Drama","Mick Jackson"
"Drama",1989,6.3,2709,"Chattahoochee","tt0099242",False,"movie","Biography - Drama","Mick Jackson"
"Action",1990,7.5,380439,"Total Recall","tt0100802",True,"movie","Action - Adventure - Sci-Fi","Paul Verhoeven"
"Action",1990,7.2,81449,"La Femme Nikita","tt0100263",True,"movie","Action - Crime - Drama","Luc Besson"
"Crime",1990,7.2,81449,"La Femme Nikita","tt0100263",True,"movie","Action - Crime - Drama","Luc Besson"
"Drama",1990,7.2,81449,"La Femme Nikita","tt0100263",True,"movie","Action - Crime - Drama","Luc Besson"
"Adventure",1990,7.5,380439,"Total Recall","tt0100802",True,"movie","Action - Adventure - Sci-Fi","Paul Verhoeven"
"Sci-Fi",1990,7.5,380439,"Total Recall","tt0100802",True,"movie","Action - Adventure - Sci-Fi","Paul Verhoeven"
"Adventure",1991,8.6,1280847,"Terminator 2: Judgment Day","tt0103064",False,"movie","Action - Adventure - Sci-Fi","James Cameron"
"Comedy",1991,6.8,67604,"City Slickers","tt0101587",False,"movie","Comedy - Western","Ron Underwood"
"Western",1991,6.8,67604,"City Slickers","tt0101587",False,"movie","Comedy - Western","Ron Underwood"
"Action",1991,8.6,1280847,"Terminator 2: Judgment Day","tt0103064",False,"movie","Action - Adventure - Sci-Fi","James Cameron"
"Sci-Fi",1991,8.6,1280847,"Terminator 2: Judgment Day","tt0103064",False,"movie","Action - Adventure - Sci-Fi","James Cameron"
"Comedy",1992,6.7,150450,"Death Becomes Her","tt0104070",False,"movie","Comedy - Fantasy - Horror","Robert Zemeckis"
"Horror",1992,6.7,150450,"Death Becomes Her","tt0104070",False,"movie","Comedy - Fantasy - Horror","Robert Zemeckis"
"Fantasy",1992,6.7,150450,"Death Becomes Her","tt0104070",False,"movie","Comedy - Fantasy - Horror","Robert Zemeckis"
"Crime",1993,8.1,202327,"In the Name of the Father","tt0107207",False,"movie","Biography - Crime - Drama","Jim Sheridan"
"Adventure",1993,7.0,123312,"Cool Runnings","tt0106611",False,"movie","Adventure - Comedy - Family","Jon Turteltaub"
"Comedy",1993,7.0,123312,"Cool Runnings","tt0106611",False,"movie","Adventure - Comedy - Family","Jon Turteltaub"
"Family",1993,7.0,123312,"Cool Runnings","tt0106611",False,"movie","Adventure - Comedy - Family","Jon Turteltaub"
"Action",1993,7.8,345676,"The Fugitive","tt0106977",True,"movie","Action - Crime - Drama","Andrew Davis"
"Crime",1993,7.8,345676,"The Fugitive","tt0106977",True,"movie","Action - Crime - Drama","Andrew Davis"
"Drama",1993,7.8,345676,"The Fugitive","tt0106977",True,"movie","Action - Crime - Drama","Andrew Davis"
"Comedy",1993,7.0,57450,"Grumpy Old Men","tt0107050",False,"movie","Comedy - Drama - Romance","Donald Petrie"
"Drama",1993,7.0,57450,"Grumpy Old Men","tt0107050",False,"movie","Comedy - Drama - Romance","Donald Petrie"
"Romance",1993,7.0,57450,"Grumpy Old Men","tt0107050",False,"movie","Comedy - Drama - Romance","Donald Petrie"
"Action",1993,6.6,103686,"Hot Shots! Part Deux","tt0107144",False,"movie","Action - Comedy","Jim Abrahams"
"Comedy",1993,6.6,103686,"Hot Shots! Part Deux","tt0107144",False,"movie","Action - Comedy","Jim Abrahams"
"Biography",1993,8.1,202327,"In the Name of the Father","tt0107207",False,"movie","Biography - Crime - Drama","Jim Sheridan"
"Drama",1993,8.1,202327,"In the Name of the Father","tt0107207",False,"movie","Biography - Crime - Drama","Jim Sheridan"
"Biography",1993,9.0,1581799,"Schindler's List","tt0108052",False,"movie","Biography - Drama - History","Steven Spielberg"
"Drama",1993,9.0,1581799,"Schindler's List","tt0108052",False,"movie","Biography - Drama - History","Steven Spielberg"
"History",1993,9.0,1581799,"Schindler's List","tt0108052",False,"movie","Biography - Drama - History","Steven Spielberg"
"Crime",1994,7.5,230474,"The Crow","tt0109506",True,"movie","Action - Crime - Drama","Alex Proyas"
"Action",1994,7.5,230474,"The Crow","tt0109506",True,"movie","Action - Crime - Drama","Alex Proyas"
"Drama",1994,7.5,230474,"The Crow","tt0109506",True,"movie","Action - Crime - Drama","Alex Proyas"
"Adventure",1995,7.7,336436,"Apollo 13","tt0112384",False,"movie","Adventure - Drama - History","Ron Howard"
"Drama",1995,6.2,81642,"Hackers","tt0113243",False,"movie","Crime - Drama - Romance","Iain Softley"
"Romance",1995,6.2,81642,"Hackers","tt0113243",False,"movie","Crime - Drama - Romance","Iain Softley"
"Crime",1995,8.1,225453,"La haine","tt0113247",False,"movie","Crime - Drama","Mathieu Kassovitz"
"Drama",1995,8.1,225453,"La haine","tt0113247",False,"movie","Crime - Drama","Mathieu Kassovitz"
"Crime",1995,8.5,1236066,"The Usual Suspects","tt0114814",False,"movie","Crime - Drama - Mystery","Bryan Singer"
"Drama",1995,8.5,1236066,"The Usual Suspects","tt0114814",False,"movie","Crime - Drama - Mystery","Bryan Singer"
"History",1995,7.7,336436,"Apollo 13","tt0112384",False,"movie","Adventure - Drama - History","Ron Howard"
"Mystery",1995,8.5,1236066,"The Usual Suspects","tt0114814",False,"movie","Crime - Drama - Mystery","Bryan Singer"
"Crime",1995,6.2,81642,"Hackers","tt0113243",False,"movie","Crime - Drama - Romance","Iain Softley"
"Drama",1995,7.7,336436,"Apollo 13","tt0112384",False,"movie","Adventure - Drama - History","Ron Howard"
"Sci-Fi",1996,7.0,645660,"Independence Day","tt0116629",True,"movie","Action - Adventure - Sci-Fi","Roland Emmerich"
"Action",1996,7.0,645660,"Independence Day","tt0116629",True,"movie","Action - Adventure - Sci-Fi","Roland Emmerich"
"Adventure",1996,7.0,645660,"Independence Day","tt0116629",True,"movie","Action - Adventure - Sci-Fi","Roland Emmerich"
"Adventure",1997,7.2,146646,"Anastasia","tt0118617",False,"movie","Adventure - Animation - Drama","Don Bluth - Gary Goldman"
"Animation",1997,7.2,146646,"Anastasia","tt0118617",False,"movie","Adventure - Animation - Drama","Don Bluth - Gary Goldman"
"Drama",1997,7.2,146646,"Anastasia","tt0118617",False,"movie","Adventure - Animation - Drama","Don Bluth - Gary Goldman"
"Action",1997,7.6,543350,"The Fifth Element","tt0119116",True,"movie","Action - Adventure - Sci-Fi","Luc Besson"
"Adventure",1997,7.6,543350,"The Fifth Element","tt0119116",True,"movie","Action - Adventure - Sci-Fi","Luc Besson"
"Sci-Fi",1997,7.6,543350,"The Fifth Element","tt0119116",True,"movie","Action - Adventure - Sci-Fi","Luc Besson"
"Comedy",1997,5.8,36088,"Good Burger","tt0119215",False,"movie","Comedy - Family","Brian Robbins"
"Family",1997,5.8,36088,"Good Burger","tt0119215",False,"movie","Comedy - Family","Brian Robbins"
"Drama",1998,8.5,1270706,"American History X","tt0120586",False,"movie","Crime - Drama","Tony Kaye"
"Comedy",1998,8.1,649315,"Lock, Stock and Two Smoking Barrels","tt0120735",False,"movie","Comedy - Crime","Guy Ritchie"
"Fantasy",1998,7.5,225814,"Dark City","tt0118929",True,"movie","Fantasy - Mystery - Sci-Fi","Alex Proyas"
"Mystery",1998,7.5,225814,"Dark City","tt0118929",True,"movie","Fantasy - Mystery - Sci-Fi","Alex Proyas"
"Sci-Fi",1998,7.5,225814,"Dark City","tt0118929",True,"movie","Fantasy - Mystery - Sci-Fi","Alex Proyas"
"Crime",1998,8.1,649315,"Lock, Stock and Two Smoking Barrels","tt0120735",False,"movie","Comedy - Crime","Guy Ritchie"
"Crime",1998,8.5,1270706,"American History X","tt0120586",False,"movie","Crime - Drama","Tony Kaye"
"Thriller",1999,8.2,1141549,"The Sixth Sense","tt0167404",False,"movie","Drama - Mystery - Thriller","M. Night Shyamalan"
"Crime",1999,7.5,103775,"Ghost Dog: The Way of the Samurai","tt0165798",False,"movie","Crime - Drama","Jim Jarmusch"
"Drama",1999,7.5,103775,"Ghost Dog: The Way of the Samurai","tt0165798",False,"movie","Crime - Drama","Jim Jarmusch"
"Drama",1999,8.2,1141549,"The Sixth Sense","tt0167404",False,"movie","Drama - Mystery - Thriller","M. Night Shyamalan"
"Action",1999,4.9,173293,"Wild Wild West","tt0120891",True,"movie","Action - Comedy - Sci-Fi","Barry Sonnenfeld"
"Comedy",1999,4.9,173293,"Wild Wild West","tt0120891",True,"movie","Action - Comedy - Sci-Fi","Barry Sonnenfeld"
"Sci-Fi",1999,4.9,173293,"Wild Wild West","tt0120891",True,"movie","Action - Comedy - Sci-Fi","Barry Sonnenfeld"
"Mystery",1999,8.2,1141549,"The Sixth Sense","tt0167404",False,"movie","Drama - Mystery - Thriller","M. Night Shyamalan"
"Action",2000,6.5,188100,"The Perfect Storm","tt0177971",False,"movie","Action - Adventure - Drama","Wolfgang Petersen"
"Adventure",2000,7.4,248221,"The Emperor's New Groove","tt0120917",True,"movie","Adventure - Animation - Comedy","Mark Dindal"
"Animation",2000,7.4,248221,"The Emperor's New Groove","tt0120917",True,"movie","Adventure - Animation - Comedy","Mark Dindal"
"Comedy",2000,7.4,248221,"The Emperor's New Groove","tt0120917",True,"movie","Adventure - Animation - Comedy","Mark Dindal"
"Action",2000,8.5,1843565,"Gladiator","tt0172495",False,"movie","Action - Adventure - Drama","Ridley Scott"
"Adventure",2000,8.5,1843565,"Gladiator","tt0172495",False,"movie","Action - Adventure - Drama","Ridley Scott"
"Drama",2000,8.5,1843565,"Gladiator","tt0172495",False,"movie","Action - Adventure - Drama","Ridley Scott"
"Adventure",2000,6.5,188100,"The Perfect Storm","tt0177971",False,"movie","Action - Adventure - Drama","Wolfgang Petersen"
"Drama",2000,6.5,188100,"The Perfect Storm","tt0177971",False,"movie","Action - Adventure - Drama","Wolfgang Petersen"
"Drama",2000,8.3,971205,"Requiem for a Dream","tt0180093",False,"movie","Drama","Darren Aronofsky"
"Action",2000,6.5,91075,"Space Cowboys","tt0186566",True,"movie","Action - Adventure - Thriller","Clint Eastwood"
"Adventure",2000,6.5,91075,"Space Cowboys","tt0186566",True,"movie","Action - Adventure - Thriller","Clint Eastwood"
"Thriller",2000,6.5,91075,"Space Cowboys","tt0186566",True,"movie","Action - Adventure - Thriller","Clint Eastwood"
"Drama",2000,7.4,124428,"Malena","tt0213847",False,"movie","Drama - Romance - War","Giuseppe Tornatore"
"Romance",2000,7.4,124428,"Malena","tt0213847",False,"movie","Drama - Romance - War","Giuseppe Tornatore"
"War",2000,7.4,124428,"Malena","tt0213847",False,"movie","Drama - Romance - War","Giuseppe Tornatore"
"Drama",2000,8.0,272192,"Amores Perros","tt0245712",False,"movie","Drama - Thriller","Alejandro G. Iñárritu"
"Thriller",2000,8.0,272192,"Amores Perros","tt0245712",False,"movie","Drama - Thriller","Alejandro G. Iñárritu"
"Biography",2000,7.1,27258,"Before Night Falls","tt0247196",False,"movie","Biography - Drama - Romance","Julian Schnabel"
"Drama",2000,7.1,27258,"Before Night Falls","tt0247196",False,"movie","Biography - Drama - Romance","Julian Schnabel"
"Romance",2000,7.1,27258,"Before Night Falls","tt0247196",False,"movie","Biography - Drama - Romance","Julian Schnabel"
"Action",2000,7.5,206850,"Battle Royale","tt0266308",True,"movie","Action - Drama - Thriller","Kinji Fukasaku"
"Drama",2000,7.5,206850,"Battle Royale","tt0266308",True,"movie","Action - Drama - Thriller","Kinji Fukasaku"
"Thriller",2000,7.5,206850,"Battle Royale","tt0266308",True,"movie","Action - Drama - Thriller","Kinji Fukasaku"
"Thriller",2001,7.9,427132,"Mulholland Drive","tt0166924",True,"movie","Drama - Mystery - Thriller","David Lynch"
"Biography",2001,8.2,1051546,"A Beautiful Mind","tt0268978",False,"movie","Biography - Drama - Mystery","Ron Howard"
"Drama",2001,8.2,1051546,"A Beautiful Mind","tt0268978",False,"movie","Biography - Drama - Mystery","Ron Howard"
"Thriller",2001,6.8,313218,"Hannibal","tt0212985",False,"movie","Crime - Drama - Thriller","Ridley Scott"
"Comedy",2001,8.3,838547,"Amélie","tt0211915",True,"movie","Comedy - Romance","Jean-Pierre Jeunet"
"Romance",2001,8.3,838547,"Amélie","tt0211915",True,"movie","Comedy - Romance","Jean-Pierre Jeunet"
"Crime",2001,6.8,313218,"Hannibal","tt0212985",False,"movie","Crime - Drama - Thriller","Ridley Scott"
"Drama",2001,6.8,313218,"Hannibal","tt0212985",False,"movie","Crime - Drama - Thriller","Ridley Scott"
"Mystery",2001,7.9,427132,"Mulholland Drive","tt0166924",True,"movie","Drama - Mystery - Thriller","David Lynch"
"Mystery",2001,8.2,1051546,"A Beautiful Mind","tt0268978",False,"movie","Biography - Drama - Mystery","Ron Howard"
"Drama",2001,7.9,427132,"Mulholland Drive","tt0166924",True,"movie","Drama - Mystery - Thriller","David Lynch"
"Action",2002,7.6,620169,"Minority Report","tt0181689",False,"movie","Action - Crime - Mystery","Steven Spielberg"
"Crime",2002,7.6,620169,"Minority Report","tt0181689",False,"movie","Action - Crime - Mystery","Steven Spielberg"
"Mystery",2002,7.6,620169,"Minority Report","tt0181689",False,"movie","Action - Crime - Mystery","Steven Spielberg"
"Adventure",2002,7.2,147700,"Treasure Planet","tt0133240",False,"movie","Action - Adventure - Animation","Ron Clements - John Musker"
"Action",2002,7.2,147700,"Treasure Planet","tt0133240",False,"movie","Action - Adventure - Animation","Ron Clements - John Musker"
"Animation",2002,7.2,147700,"Treasure Planet","tt0133240",False,"movie","Action - Adventure - Animation","Ron Clements - John Musker"
"Adventure",2003,7.7,59387,"The Triplets of Belleville","tt0286244",False,"movie","Adventure - Animation - Comedy","Sylvain Chomet"
"Comedy",2003,7.7,59387,"The Triplets of Belleville","tt0286244",False,"movie","Adventure - Animation - Comedy","Sylvain Chomet"
"Action",2003,7.8,503830,"The Last Samurai","tt0325710",False,"movie","Action - Drama","Edward Zwick"
"Sci-Fi",2003,7.3,90955,"The Animatrix","tt0328832",False,"video","Action - Animation - Sci-Fi","Yoshiaki Kawajiri - Peter Chung - Mahiro Maeda - Kôji Morimoto - Shin'ichirô Watanabe - Andrew R. Jones - Takeshi Koike"
"Animation",2003,7.3,90955,"The Animatrix","tt0328832",False,"video","Action - Animation - Sci-Fi","Yoshiaki Kawajiri - Peter Chung - Mahiro Maeda - Kôji Morimoto - Shin'ichirô Watanabe - Andrew R. Jones - Takeshi Koike"
"Action",2003,7.3,90955,"The Animatrix","tt0328832",False,"video","Action - Animation - Sci-Fi","Yoshiaki Kawajiri - Peter Chung - Mahiro Maeda - Kôji Morimoto - Shin'ichirô Watanabe - Andrew R. Jones - Takeshi Koike"
"Drama",2003,7.8,503830,"The Last Samurai","tt0325710",False,"movie","Action - Drama","Edward Zwick"
"Animation",2003,7.7,59387,"The Triplets of Belleville","tt0286244",False,"movie","Adventure - Animation - Comedy","Sylvain Chomet"
"Biography",2004,8.1,391480,"Hotel Rwanda","tt0395169",False,"movie","Biography - Drama - History","Terry George"
"Comedy",2004,7.4,534282,"The Terminal","tt0362227",False,"movie","Comedy - Drama - Romance","Steven Spielberg"
"Drama",2004,7.4,534282,"The Terminal","tt0362227",False,"movie","Comedy - Drama - Romance","Steven Spielberg"
"Romance",2004,7.4,534282,"The Terminal","tt0362227",False,"movie","Comedy - Drama - Romance","Steven Spielberg"
"Biography",2004,8.2,399710,"Downfall","tt0363163",False,"movie","Biography - Drama - History","Oliver Hirschbiegel"
"Drama",2004,8.2,399710,"Downfall","tt0363163",False,"movie","Biography - Drama - History","Oliver Hirschbiegel"
"History",2004,8.2,399710,"Downfall","tt0363163",False,"movie","Biography - Drama - History","Oliver Hirschbiegel"
"Drama",2004,8.1,391480,"Hotel Rwanda","tt0395169",False,"movie","Biography - Drama - History","Terry George"
"History",2004,8.1,391480,"Hotel Rwanda","tt0395169",False,"movie","Biography - Drama - History","Terry George"
"Family",2005,8.2,100569,"My Father and My Son","tt0476735",False,"movie","Drama - Family","Çagan Irmak"
"Comedy",2005,6.7,112609,"Waiting...","tt0348333",True,"movie","Comedy","Rob McKittrick"
"Action",2005,7.0,406770,"Constantine","tt0360486",True,"movie","Action - Fantasy - Horror","Francis Lawrence"
"Horror",2005,7.0,406770,"Constantine","tt0360486",True,"movie","Action - Fantasy - Horror","Francis Lawrence"
"Drama",2005,7.7,416134,"Brokeback Mountain","tt0388795",False,"movie","Drama - Romance","Ang Lee"
"Romance",2005,7.7,416134,"Brokeback Mountain","tt0388795",False,"movie","Drama - Romance","Ang Lee"
"Fantasy",2005,7.0,406770,"Constantine","tt0360486",True,"movie","Action - Fantasy - Horror","Francis Lawrence"
"Comedy",2005,7.8,35159,"C.R.A.Z.Y.","tt0401085",False,"movie","Comedy - Drama","Jean-Marc Vallée"
"Drama",2005,7.8,35159,"C.R.A.Z.Y.","tt0401085",False,"movie","Comedy - Drama","Jean-Marc Vallée"
"Drama",2005,8.2,100569,"My Father and My Son","tt0476735",False,"movie","Drama - Family","Çagan Irmak"
"Action",2005,6.3,108485,"Revolver","tt0365686",False,"movie","Action - Crime - Drama","Guy Ritchie"
"Crime",2005,6.3,108485,"Revolver","tt0365686",False,"movie","Action - Crime - Drama","Guy Ritchie"
"Drama",2005,6.3,108485,"Revolver","tt0365686",False,"movie","Action - Crime - Drama","Guy Ritchie"
"Thriller",2006,8.4,442456,"The Lives of Others","tt0405094",False,"movie","Drama - Mystery - Thriller","Florian Henckel von Donnersmarck"
"Fantasy",2006,8.2,745549,"Pan's Labyrinth","tt0457430",False,"movie","Drama - Fantasy - War","Guillermo del Toro"
"War",2006,8.2,745549,"Pan's Labyrinth","tt0457430",False,"movie","Drama - Fantasy - War","Guillermo del Toro"
"Drama",2006,8.4,442456,"The Lives of Others","tt0405094",False,"movie","Drama - Mystery - Thriller","Florian Henckel von Donnersmarck"
"Mystery",2006,8.4,442456,"The Lives of Others","tt0405094",False,"movie","Drama - Mystery - Thriller","Florian Henckel von Donnersmarck"
"Drama",2006,8.2,745549,"Pan's Labyrinth","tt0457430",False,"movie","Drama - Fantasy - War","Guillermo del Toro"
"Crime",2007,8.2,1185404,"No Country for Old Men","tt0477348",False,"movie","Crime - Drama - Thriller","Ethan Coen - Joel Coen"
"Thriller",2007,8.2,1185404,"No Country for Old Men","tt0477348",False,"movie","Crime - Drama - Thriller","Ethan Coen - Joel Coen"
"Drama",2007,8.2,1185404,"No Country for Old Men","tt0477348",False,"movie","Crime - Drama - Thriller","Ethan Coen - Joel Coen"
"Drama",2008,7.1,160982,"Defiance","tt1034303",True,"movie","Action - Drama - History","Edward Zwick"
"Action",2008,7.1,160982,"Defiance","tt1034303",True,"movie","Action - Drama - History","Edward Zwick"
"Biography",2008,8.0,243154,"Ip Man","tt1220719",False,"movie","Action - Biography - Drama","Wilson Yip"
"Action",2008,8.0,243154,"Ip Man","tt1220719",False,"movie","Action - Biography - Drama","Wilson Yip"
"Comedy",2008,7.9,492603,"In Bruges","tt0780536",False,"movie","Comedy - Crime - Drama","Martin McDonagh"
"Crime",2008,7.9,492603,"In Bruges","tt0780536",False,"movie","Comedy - Crime - Drama","Martin McDonagh"
"Drama",2008,7.9,492603,"In Bruges","tt0780536",False,"movie","Comedy - Crime - Drama","Martin McDonagh"
"Drama",2008,8.0,243154,"Ip Man","tt1220719",False,"movie","Action - Biography - Drama","Wilson Yip"
"Documentary",2008,8.0,62584,"Waltz with Bashir","tt1185616",False,"movie","Animation - Biography - Documentary","Ari Folman"
"Animation",2008,8.0,62584,"Waltz with Bashir","tt1185616",False,"movie","Animation - Biography - Documentary","Ari Folman"
"Thriller",2008,7.6,121536,"The Wave","tt1063669",False,"movie","Drama - Thriller","Dennis Gansel"
"Drama",2008,7.6,121536,"The Wave","tt1063669",False,"movie","Drama - Thriller","Dennis Gansel"
"Biography",2008,8.0,62584,"Waltz with Bashir","tt1185616",False,"movie","Animation - Biography - Documentary","Ari Folman"
"History",2008,7.1,160982,"Defiance","tt1034303",True,"movie","Action - Drama - History","Edward Zwick"
"Comedy",2009,8.4,480655,"3 Idiots","tt1187043",False,"movie","Comedy - Drama","Rajkumar Hirani"
"Drama",2009,8.4,480655,"3 Idiots","tt1187043",False,"movie","Comedy - Drama","Rajkumar Hirani"
"Drama",2011,8.0,1421,"The Tragedy of Man","tt0176694",False,"movie","Animation - Drama - History","Marcell Jankovics"
"History",2011,8.0,1421,"The Tragedy of Man","tt0176694",False,"movie","Animation - Drama - History","Marcell Jankovics"
"Sci-Fi",2011,6.0,241551,"Cowboys & Aliens","tt0409847",False,"movie","Action - Drama - Sci-Fi","Jon Favreau"
"Drama",2011,6.0,241551,"Cowboys & Aliens","tt0409847",False,"movie","Action - Drama - Sci-Fi","Jon Favreau"
"Action",2011,6.0,241551,"Cowboys & Aliens","tt0409847",False,"movie","Action - Drama - Sci-Fi","Jon Favreau"
"Animation",2011,8.0,1421,"The Tragedy of Man","tt0176694",False,"movie","Animation - Drama - History","Marcell Jankovics"
"Adventure",2011,6.6,115494,"Attack the Block","tt1478964",False,"movie","Action - Adventure - Comedy","Joe Cornish"
"Action",2011,6.6,115494,"Attack the Block","tt1478964",False,"movie","Action - Adventure - Comedy","Joe Cornish"
"Comedy",2011,6.6,115494,"Attack the Block","tt1478964",False,"movie","Action - Adventure - Comedy","Joe Cornish"
"Drama",2012,7.5,262614,"The Impossible","tt1649419",False,"movie","Drama - History - Thriller","J.A. Bayona"
"History",2012,7.5,262614,"The Impossible","tt1649419",False,"movie","Drama - History - Thriller","J.A. Bayona"
"Thriller",2012,7.5,262614,"The Impossible","tt1649419",False,"movie","Drama - History - Thriller","J.A. Bayona"
"Thriller",2012,6.6,7237,"Lesson of the Evil","tt2294473",False,"movie","Horror - Thriller","Takashi Miike"
"Horror",2012,6.6,7237,"Lesson of the Evil","tt2294473",False,"movie","Horror - Thriller","Takashi Miike"
"Drama",2013,7.2,44958,"The Physician","tt2101473",False,"movie","Adventure - Drama - History","Philipp Stölzl"
"Comedy",2013,5.9,78222,"The Incredible Burt Wonderstone","tt0790628",True,"movie","Comedy","Don Scardino"
"Romance",2013,7.2,6330,"Hawaii","tt2801746",False,"movie","Drama - Romance","Marco Berger"
"Drama",2013,7.2,6330,"Hawaii","tt2801746",False,"movie","Drama - Romance","Marco Berger"
"Horror",2013,7.1,9575,"Why Don't You Play in Hell?","tt2409302",False,"movie","Action - Comedy - Horror","Sion Sono"
"Comedy",2013,7.1,9575,"Why Don't You Play in Hell?","tt2409302",False,"movie","Action - Comedy - Horror","Sion Sono"
"Action",2013,7.1,9575,"Why Don't You Play in Hell?","tt2409302",False,"movie","Action - Comedy - Horror","Sion Sono"
"Romance",2013,7.6,172938,"Blue Is the Warmest Colour","tt2278871",False,"movie","Drama - Romance","Abdellatif Kechiche"
"Drama",2013,7.6,172938,"Blue Is the Warmest Colour","tt2278871",False,"movie","Drama - Romance","Abdellatif Kechiche"
"History",2013,7.2,44958,"The Physician","tt2101473",False,"movie","Adventure - Drama - History","Philipp Stölzl"
"Adventure",2013,7.2,44958,"The Physician","tt2101473",False,"movie","Adventure - Drama - History","Philipp Stölzl"
"Adventure",2014,7.6,510615,"Dawn of the Planet of the Apes","tt2103281",False,"movie","Action - Adventure - Drama","Matt Reeves"
"Drama",2014,8.5,1149400,"Whiplash","tt2582802",False,"movie","Drama - Music","Damien Chazelle"
"Western",2014,6.1,209750,"A Million Ways to Die in the West","tt2557490",False,"movie","Comedy - Western","Seth MacFarlane"
"Drama",2014,5.9,580,"H.","tt3666210",False,"movie","Drama - Sci-Fi - Thriller","Daniel A. Garcia - Rania Attieh"
"Sci-Fi",2014,5.9,580,"H.","tt3666210",False,"movie","Drama - Sci-Fi - Thriller","Daniel A. Garcia - Rania Attieh"
"Thriller",2014,5.9,580,"H.","tt3666210",False,"movie","Drama - Sci-Fi - Thriller","Daniel A. Garcia - Rania Attieh"
"Comedy",2014,6.1,209750,"A Million Ways to Die in the West","tt2557490",False,"movie","Comedy - Western","Seth MacFarlane"
"Action",2014,7.6,510615,"Dawn of the Planet of the Apes","tt2103281",False,"movie","Action - Adventure - Drama","Matt Reeves"
"Thriller",2014,6.7,114038,"The Guest","tt2980592",False,"movie","Action - Mystery - Thriller","Adam Wingard"
"Drama",2014,7.8,64983,"Pride","tt3169706",False,"movie","Biography - Comedy - Drama","Matthew Warchus"
"Comedy",2014,7.8,64983,"Pride","tt3169706",False,"movie","Biography - Comedy - Drama","Matthew Warchus"
"Mystery",2014,6.7,114038,"The Guest","tt2980592",False,"movie","Action - Mystery - Thriller","Adam Wingard"
"Biography",2014,7.8,64983,"Pride","tt3169706",False,"movie","Biography - Comedy - Drama","Matthew Warchus"
"Thriller",2014,6.8,298027,"It Follows","tt3235888",False,"movie","Horror - Mystery - Thriller","David Robert Mitchell"
"Mystery",2014,6.8,298027,"It Follows","tt3235888",False,"movie","Horror - Mystery - Thriller","David Robert Mitchell"
"Action",2014,6.7,114038,"The Guest","tt2980592",False,"movie","Action - Mystery - Thriller","Adam Wingard"
"Comedy",2014,4.2,79,"Daddy's Home","tt3234704",False,"tvMovie","Comedy","Natasha Tash Gray"
"Horror",2014,6.8,298027,"It Follows","tt3235888",False,"movie","Horror - Mystery - Thriller","David Robert Mitchell"
"Music",2014,8.5,1149400,"Whiplash","tt2582802",False,"movie","Drama - Music","Damien Chazelle"
"Drama",2014,7.6,510615,"Dawn of the Planet of the Apes","tt2103281",False,"movie","Action - Adventure - Drama","Matt Reeves"
"Drama",2015,7.8,49138,"Land of Mine","tt3841424",False,"movie","Drama - History - War","Martin Zandvliet"
"War",2015,7.8,49138,"Land of Mine","tt3841424",False,"movie","Drama - History - War","Martin Zandvliet"
"History",2015,6.4,79660,"Child 44","tt1014763",False,"movie","Crime - Drama - History","Daniel Espinosa"
"Drama",2015,6.4,79660,"Child 44","tt1014763",False,"movie","Crime - Drama - History","Daniel Espinosa"
"Crime",2015,6.4,79660,"Child 44","tt1014763",False,"movie","Crime - Drama - History","Daniel Espinosa"
"Adventure",2015,7.2,91792,"Dope","tt3850214",False,"movie","Adventure - Comedy - Crime","Rick Famuyiwa"
"Thriller",2015,8.1,479392,"Room","tt3170832",False,"movie","Drama - Thriller","Lenny Abrahamson"
"Drama",2015,8.1,479392,"Room","tt3170832",False,"movie","Drama - Thriller","Lenny Abrahamson"
"Comedy",2015,7.2,91792,"Dope","tt3850214",False,"movie","Adventure - Comedy - Crime","Rick Famuyiwa"
"Crime",2015,7.2,91792,"Dope","tt3850214",False,"movie","Adventure - Comedy - Crime","Rick Famuyiwa"
"Mystery",2015,6.6,129052,"The Invitation","tt2400463",False,"movie","Drama - Horror - Mystery","Karyn Kusama"
"Horror",2015,6.6,129052,"The Invitation","tt2400463",False,"movie","Drama - Horror - Mystery","Karyn Kusama"
"Drama",2015,6.6,129052,"The Invitation","tt2400463",False,"movie","Drama - Horror - Mystery","Karyn Kusama"
"History",2015,7.8,49138,"Land of Mine","tt3841424",False,"movie","Drama - History - War","Martin Zandvliet"
"Adventure",2016,5.8,102837,"Mechanic: Resurrection","tt3522806",False,"movie","Action - Adventure - Thriller","Dennis Gansel"
"Comedy",2016,6.2,119673,"The Brothers Grimsby","tt3381008",False,"movie","Action - Adventure - Comedy","Louis Leterrier"
"Adventure",2016,6.2,119673,"The Brothers Grimsby","tt3381008",False,"movie","Action - Adventure - Comedy","Louis Leterrier"
"Action",2016,6.2,119673,"The Brothers Grimsby","tt3381008",False,"movie","Action - Adventure - Comedy","Louis Leterrier"
"Thriller",2016,6.3,74832,"Criminal","tt3014866",False,"movie","Action - Sci-Fi - Thriller","Ariel Vromen"
"Sci-Fi",2016,6.3,74832,"Criminal","tt3014866",False,"movie","Action - Sci-Fi - Thriller","Ariel Vromen"
"Action",2016,6.3,74832,"Criminal","tt3014866",False,"movie","Action - Sci-Fi - Thriller","Ariel Vromen"
"Action",2016,5.2,199210,"Independence Day: Resurgence","tt1628841",False,"movie","Action - Adventure - Sci-Fi","Roland Emmerich"
"Adventure",2016,7.8,753470,"Rogue One: A Star Wars Story","tt3748528",False,"movie","Action - Adventure - Sci-Fi","Gareth Edwards"
"Sci-Fi",2016,7.8,753470,"Rogue One: A Star Wars Story","tt3748528",False,"movie","Action - Adventure - Sci-Fi","Gareth Edwards"
"Drama",2016,8.1,202180,"The Handmaiden","tt4016934",False,"movie","Drama - Romance - Thriller","Park Chan-wook"
"Romance",2016,8.1,202180,"The Handmaiden","tt4016934",False,"movie","Drama - Romance - Thriller","Park Chan-wook"
"Thriller",2016,8.1,202180,"The Handmaiden","tt4016934",False,"movie","Drama - Romance - Thriller","Park Chan-wook"
"Comedy",2016,5.6,23829,"Skiptrace","tt2238032",False,"movie","Action - Adventure - Comedy","Renny Harlin"
"Adventure",2016,5.6,23829,"Skiptrace","tt2238032",False,"movie","Action - Adventure - Comedy","Renny Harlin"
"Action",2016,5.6,23829,"Skiptrace","tt2238032",False,"movie","Action - Adventure - Comedy","Renny Harlin"
"Drama",2016,6.9,96295,"Raw","tt4954522",False,"movie","Drama - Horror","Julia Ducournau"
"Horror",2016,6.9,96295,"Raw","tt4954522",False,"movie","Drama - Horror","Julia Ducournau"
"Sci-Fi",2016,5.2,199210,"Independence Day: Resurgence","tt1628841",False,"movie","Action - Adventure - Sci-Fi","Roland Emmerich"
"Adventure",2016,5.2,199210,"Independence Day: Resurgence","tt1628841",False,"movie","Action - Adventure - Sci-Fi","Roland Emmerich"
"Thriller",2016,5.8,102837,"Mechanic: Resurrection","tt3522806",False,"movie","Action - Adventure - Thriller","Dennis Gansel"
"Action",2016,7.8,753470,"Rogue One: A Star Wars Story","tt3748528",False,"movie","Action - Adventure - Sci-Fi","Gareth Edwards"
"Action",2016,5.8,102837,"Mechanic: Resurrection","tt3522806",False,"movie","Action - Adventure - Thriller","Dennis Gansel"
"Comedy",2016,7.6,439289,"Moana","tt3521164",False,"movie","Adventure - Animation - Comedy","Ron Clements - John Musker - Chris Williams - Don Hall"
"Animation",2016,7.6,439289,"Moana","tt3521164",False,"movie","Adventure - Animation - Comedy","Ron Clements - John Musker - Chris Williams - Don Hall"
"Adventure",2016,7.6,439289,"Moana","tt3521164",False,"movie","Adventure - Animation - Comedy","Ron Clements - John Musker - Chris Williams - Don Hall"
"Action",2017,7.4,326057,"War for the Planet of the Apes","tt3450958",False,"movie","Action - Adventure - Drama","Matt Reeves"
"Drama",2017,5.2,165,"The Foreigner","tt10071238",False,"short","Drama - Short","Taruna Khanagwal"
"Short",2017,5.2,165,"The Foreigner","tt10071238",False,"short","Drama - Short","Taruna Khanagwal"
"Action",2017,5.2,101665,"xXx: Return of Xander Cage","tt1293847",False,"movie","Action - Adventure - Thriller","D.J. Caruso"
"Adventure",2017,5.2,101665,"xXx: Return of Xander Cage","tt1293847",False,"movie","Action - Adventure - Thriller","D.J. Caruso"
"Thriller",2017,5.2,101665,"xXx: Return of Xander Cage","tt1293847",False,"movie","Action - Adventure - Thriller","D.J. Caruso"
"Action",2017,7.0,132190,"The Foreigner","tt1615160",False,"movie","Action - Crime - Thriller","Martin Campbell"
"Crime",2017,7.0,132190,"The Foreigner","tt1615160",False,"movie","Action - Crime - Thriller","Martin Campbell"
"Thriller",2017,7.0,132190,"The Foreigner","tt1615160",False,"movie","Action - Crime - Thriller","Martin Campbell"
"Action",2017,6.4,209157,"Valerian and the City of a Thousand Planets","tt2239822",False,"movie","Action - Adventure - Animation","Luc Besson"
"Adventure",2017,6.4,209157,"Valerian and the City of a Thousand Planets","tt2239822",False,"movie","Action - Adventure - Animation","Luc Besson"
"Animation",2017,6.4,209157,"Valerian and the City of a Thousand Planets","tt2239822",False,"movie","Action - Adventure - Animation","Luc Besson"
"Drama",2017,7.4,57453,"Mudbound","tt2396589",False,"movie","Drama - War","Dee Rees"
"War",2017,7.4,57453,"Mudbound","tt2396589",False,"movie","Drama - War","Dee Rees"
"Animation",2017,7.8,67971,"Loving Vincent","tt3262342",False,"movie","Animation - Drama - Mystery","Hugh Welchman - DK Welchman"
"Drama",2017,7.8,67971,"Loving Vincent","tt3262342",False,"movie","Animation - Drama - Mystery","Hugh Welchman - DK Welchman"
"Mystery",2017,7.8,67971,"Loving Vincent","tt3262342",False,"movie","Animation - Drama - Mystery","Hugh Welchman - DK Welchman"
"Comedy",2017,6.5,320574,"Murder on the Orient Express","tt3402236",False,"movie","Comedy - Crime - Drama","Kenneth Branagh"
"Crime",2017,6.5,320574,"Murder on the Orient Express","tt3402236",False,"movie","Comedy - Crime - Drama","Kenneth Branagh"
"Drama",2017,6.5,320574,"Murder on the Orient Express","tt3402236",False,"movie","Comedy - Crime - Drama","Kenneth Branagh"
"Adventure",2017,7.4,326057,"War for the Planet of the Apes","tt3450958",False,"movie","Action - Adventure - Drama","Matt Reeves"
"Drama",2017,7.4,326057,"War for the Planet of the Apes","tt3450958",False,"movie","Action - Adventure - Drama","Matt Reeves"
"Biography",2017,7.3,171230,"The Disaster Artist","tt3521126",False,"movie","Biography - Comedy - Drama","James Franco"
"Comedy",2017,7.3,171230,"The Disaster Artist","tt3521126",False,"movie","Biography - Comedy - Drama","James Franco"
"Drama",2017,7.3,171230,"The Disaster Artist","tt3521126",False,"movie","Biography - Comedy - Drama","James Franco"
"Action",2017,7.1,232211,"American Made","tt3532216",False,"movie","Action - Comedy - Crime","Doug Liman"
"Comedy",2017,7.1,232211,"American Made","tt3532216",False,"movie","Action - Comedy - Crime","Doug Liman"
"Crime",2017,7.1,232211,"American Made","tt3532216",False,"movie","Action - Comedy - Crime","Doug Liman"
"Adventure",2017,6.3,157565,"The Boss Baby","tt3874544",False,"movie","Adventure - Animation - Comedy","Tom McGrath"
"Animation",2017,6.3,157565,"The Boss Baby","tt3874544",False,"movie","Adventure - Animation - Comedy","Tom McGrath"
"Comedy",2017,6.3,157565,"The Boss Baby","tt3874544",False,"movie","Adventure - Animation - Comedy","Tom McGrath"
"Action",2017,7.3,192143,"The Lego Batman Movie","tt4116284",False,"movie","Action - Adventure - Animation","Chris McKay"
"Adventure",2017,7.3,192143,"The Lego Batman Movie","tt4116284",False,"movie","Action - Adventure - Animation","Chris McKay"
"Animation",2017,7.3,192143,"The Lego Batman Movie","tt4116284",False,"movie","Action - Adventure - Animation","Chris McKay"
"Action",2017,7.8,805105,"Dunkirk","tt5013056",True,"movie","Action - Drama - History","Christopher Nolan"
"Drama",2017,7.8,805105,"Dunkirk","tt5013056",True,"movie","Action - Drama - History","Christopher Nolan"
"History",2017,7.8,805105,"Dunkirk","tt5013056",True,"movie","Action - Drama - History","Christopher Nolan"
"Drama",2017,5.9,7777,"Prodigy","tt5017936",False,"movie","Drama - Sci-Fi - Thriller","Alex Haughey - Brian Vidal"
"Sci-Fi",2017,5.9,7777,"Prodigy","tt5017936",False,"movie","Drama - Sci-Fi - Thriller","Alex Haughey - Brian Vidal"
"Thriller",2017,5.9,7777,"Prodigy","tt5017936",False,"movie","Drama - Sci-Fi - Thriller","Alex Haughey - Brian Vidal"
"Comedy",2017,8.1,605803,"Three Billboards Outside Ebbing, Missouri","tt5027774",False,"movie","Comedy - Crime - Drama","Martin McDonagh"
"Crime",2017,8.1,605803,"Three Billboards Outside Ebbing, Missouri","tt5027774",False,"movie","Comedy - Crime - Drama","Martin McDonagh"
"Drama",2017,8.1,605803,"Three Billboards Outside Ebbing, Missouri","tt5027774",False,"movie","Comedy - Crime - Drama","Martin McDonagh"
"Adventure",2017,7.2,95450,"Papillon","tt5093026",False,"movie","Adventure - Biography - Crime","Michael Noer"
"Biography",2017,7.2,95450,"Papillon","tt5093026",False,"movie","Adventure - Biography - Crime","Michael Noer"
"Crime",2017,7.2,95450,"Papillon","tt5093026",False,"movie","Adventure - Biography - Crime","Michael Noer"
"Animation",2017,7.1,5365,"Tehran Taboo","tt5584796",False,"movie","Animation - Drama","Ali Soozandeh"
"Drama",2017,7.1,5365,"Tehran Taboo","tt5584796",False,"movie","Animation - Drama","Ali Soozandeh"
"Biography",2017,7.2,1876,"The Invisibles","tt5586052",False,"movie","Biography - Documentary - Drama","Claus Räfle"
"Documentary",2017,7.2,1876,"The Invisibles","tt5586052",False,"movie","Biography - Documentary - Drama","Claus Räfle"
"Drama",2017,7.2,1876,"The Invisibles","tt5586052",False,"movie","Biography - Documentary - Drama","Claus Räfle"
"Drama",2017,7.6,40858,"God's Own Country","tt5635086",False,"movie","Drama - Romance","Francis Lee"
"Romance",2017,7.6,40858,"God's Own Country","tt5635086",False,"movie","Drama - Romance","Francis Lee"
"Drama",2017,7.2,28488,"A Fantastic Woman","tt5639354",False,"movie","Drama","Sebastián Lelio"
"Crime",2017,6.7,135347,"You Were Never Really Here","tt5742374",False,"movie","Crime - Drama - Thriller","Lynne Ramsay"
"Drama",2017,6.7,135347,"You Were Never Really Here","tt5742374",False,"movie","Crime - Drama - Thriller","Lynne Ramsay"
"Thriller",2017,6.7,135347,"You Were Never Really Here","tt5742374",False,"movie","Crime - Drama - Thriller","Lynne Ramsay"
"Biography",2017,5.9,3741,"Maze","tt5752606",False,"movie","Biography - Crime - Drama","Stephen Burke"
"Crime",2017,5.9,3741,"Maze","tt5752606",False,"movie","Biography - Crime - Drama","Stephen Burke"
"Drama",2017,5.9,3741,"Maze","tt5752606",False,"movie","Biography - Crime - Drama","Stephen Burke"
"Drama",2017,7.4,17648,"120 BPM (Beats Per Minute)","tt6135348",False,"movie","Drama","Robin Campillo"
"Biography",2017,6.4,2194,"Django","tt6247936",False,"movie","Biography - Drama - Music","Etienne Comar"
"Drama",2017,6.4,2194,"Django","tt6247936",False,"movie","Biography - Drama - Music","Etienne Comar"
"Music",2017,6.4,2194,"Django","tt6247936",False,"movie","Biography - Drama - Music","Etienne Comar"
"Action",2017,6.3,8239,"Pokémon the Movie: I Choose You!","tt6595896",False,"movie","Action - Adventure - Animation","Kunihiko Yuyama"
"Adventure",2017,6.3,8239,"Pokémon the Movie: I Choose You!","tt6595896",False,"movie","Action - Adventure - Animation","Kunihiko Yuyama"
"Animation",2017,6.3,8239,"Pokémon the Movie: I Choose You!","tt6595896",False,"movie","Action - Adventure - Animation","Kunihiko Yuyama"
"Action",2017,7.3,2190,"Junk Head","tt6848928",False,"movie","Action - Adventure - Animation","Takahide Hori"
"Adventure",2017,7.3,2190,"Junk Head","tt6848928",False,"movie","Action - Adventure - Animation","Takahide Hori"
"Animation",2017,7.3,2190,"Junk Head","tt6848928",False,"movie","Action - Adventure - Animation","Takahide Hori"
"Animation",2017,8.1,1323,"Double King","tt7189380",False,"short","Animation - Comedy - Fantasy","Felix Colgrave"
"Comedy",2017,8.1,1323,"Double King","tt7189380",False,"short","Animation - Comedy - Fantasy","Felix Colgrave"
"Fantasy",2017,8.1,1323,"Double King","tt7189380",False,"short","Animation - Comedy - Fantasy","Felix Colgrave"
"Comedy",2017,7.4,1825,"Russell Howard: Recalibrate","tt7736664",False,"tvSpecial","Comedy","Peter Orton"
"Fantasy",2018,6.9,94081,"Sorry to Bother You","tt5688932",False,"movie","Comedy - Drama - Fantasy","Boots Riley"
"Adventure",2018,7.0,204911,"Ralph Breaks the Internet","tt5848272",False,"movie","Adventure - Animation - Comedy","Rich Moore - Phil Johnston"
"Animation",2018,7.0,204911,"Ralph Breaks the Internet","tt5848272",False,"movie","Adventure - Animation - Comedy","Rich Moore - Phil Johnston"
"Comedy",2018,7.0,204911,"Ralph Breaks the Internet","tt5848272",False,"movie","Adventure - Animation - Comedy","Rich Moore - Phil Johnston"
"Horror",2018,6.5,98502,"Mandy","tt6998518",False,"movie","Action - Fantasy - Horror","Panos Cosmatos"
"Fantasy",2018,6.5,98502,"Mandy","tt6998518",False,"movie","Action - Fantasy - Horror","Panos Cosmatos"
"Biography",2018,6.8,33167,"Don't Worry, He Won't Get Far on Foot","tt6288124",False,"movie","Biography - Comedy - Drama","Gus Van Sant"
"Comedy",2018,6.8,33167,"Don't Worry, He Won't Get Far on Foot","tt6288124",False,"movie","Biography - Comedy - Drama","Gus Van Sant"
"Drama",2018,6.8,33167,"Don't Worry, He Won't Get Far on Foot","tt6288124",False,"movie","Biography - Comedy - Drama","Gus Van Sant"
"Action",2018,6.5,98502,"Mandy","tt6998518",False,"movie","Action - Fantasy - Horror","Panos Cosmatos"
"Sci-Fi",2018,5.8,37290,"Tau","tt4357394",False,"movie","Horror - Sci-Fi - Thriller","Federico D'Alessandro"
"Thriller",2018,5.8,37290,"Tau","tt4357394",False,"movie","Horror - Sci-Fi - Thriller","Federico D'Alessandro"
"Drama",2018,8.0,30612,"The Wild Pear Tree","tt6628102",False,"movie","Drama","Nuri Bilge Ceylan"
"Drama",2018,5.2,775,"Laplace's Witch","tt6686358",False,"movie","Drama - Mystery - Thriller","Takashi Miike"
"Mystery",2018,5.2,775,"Laplace's Witch","tt6686358",False,"movie","Drama - Mystery - Thriller","Takashi Miike"
"Action",2018,8.4,785040,"Spider-Man: Into the Spider-Verse","tt4633694",False,"movie","Action - Adventure - Animation","Peter Ramsey - Rodney Rothman - Bob Persichetti"
"Adventure",2018,8.4,785040,"Spider-Man: Into the Spider-Verse","tt4633694",False,"movie","Action - Adventure - Animation","Peter Ramsey - Rodney Rothman - Bob Persichetti"
"Thriller",2018,5.2,775,"Laplace's Witch","tt6686358",False,"movie","Drama - Mystery - Thriller","Takashi Miike"
"Drama",2018,6.5,3048,"Girls of the Sun","tt6704880",False,"movie","Drama - War","Eva Husson"
"War",2018,6.5,3048,"Girls of the Sun","tt6704880",False,"movie","Drama - War","Eva Husson"
"Crime",2018,7.2,31609,"Dogman","tt6768578",False,"movie","Crime - Drama - Thriller","Matteo Garrone"
"Thriller",2018,7.2,31609,"Dogman","tt6768578",False,"movie","Crime - Drama - Thriller","Matteo Garrone"
"Drama",2018,7.2,31609,"Dogman","tt6768578",False,"movie","Crime - Drama - Thriller","Matteo Garrone"
"Documentary",2018,8.0,11056,"Minding the Gap","tt7476236",False,"movie","Documentary - Sport","Bing Liu"
"Sport",2018,8.0,11056,"Minding the Gap","tt7476236",False,"movie","Documentary - Sport","Bing Liu"
"Animation",2018,8.4,785040,"Spider-Man: Into the Spider-Verse","tt4633694",False,"movie","Action - Adventure - Animation","Peter Ramsey - Rodney Rothman - Bob Persichetti"
"Sci-Fi",2018,6.3,15382,"Aniara","tt7589524",False,"movie","Drama - Sci-Fi","Pella Kagerman - Hugo Lilja"
"Sci-Fi",2018,5.8,61964,"Extinction","tt3201640",False,"movie","Action - Drama - Sci-Fi","Ben Young"
"Drama",2018,5.8,61964,"Extinction","tt3201640",False,"movie","Action - Drama - Sci-Fi","Ben Young"
"Action",2018,5.8,61964,"Extinction","tt3201640",False,"movie","Action - Drama - Sci-Fi","Ben Young"
"Action",2018,6.8,16860,"T-34","tt8820590",False,"movie","Action - War","Aleksey Sidorov"
"War",2018,6.8,16860,"T-34","tt8820590",False,"movie","Action - War","Aleksey Sidorov"
"Crime",2018,7.9,94900,"Shoplifters","tt8075192",True,"movie","Crime - Drama - Thriller","Hirokazu Koreeda"
"Drama",2018,7.9,94900,"Shoplifters","tt8075192",True,"movie","Crime - Drama - Thriller","Hirokazu Koreeda"
"Thriller",2018,7.9,94900,"Shoplifters","tt8075192",True,"movie","Crime - Drama - Thriller","Hirokazu Koreeda"
"Drama",2018,6.3,6762,"Backstabbing for Beginners","tt5153288",False,"movie","Drama - History - Mystery","Per Fly"
"History",2018,6.3,6762,"Backstabbing for Beginners","tt5153288",False,"movie","Drama - History - Mystery","Per Fly"
"Mystery",2018,6.3,6762,"Backstabbing for Beginners","tt5153288",False,"movie","Drama - History - Mystery","Per Fly"
"Comedy",2018,7.5,134048,"Love, Simon","tt5164432",False,"movie","Comedy - Drama - Romance","Greg Berlanti"
"Drama",2018,7.5,134048,"Love, Simon","tt5164432",False,"movie","Comedy - Drama - Romance","Greg Berlanti"
"Mystery",2018,7.1,10683,"Long Day's Journey Into Night","tt8185182",False,"movie","Drama - Mystery - Romance","Bi Gan"
"Drama",2018,7.3,7133,"Clergy","tt8738964",False,"movie","Drama","Wojciech Smarzowski"
"Comedy",2018,6.9,13109,"Sink or Swim","tt7476116",False,"movie","Comedy - Drama - Sport","Gilles Lellouche"
"Romance",2018,7.5,134048,"Love, Simon","tt5164432",False,"movie","Comedy - Drama - Romance","Greg Berlanti"
"Crime",2018,6.1,51842,"Anon","tt5397194",False,"movie","Crime - Mystery - Sci-Fi","Andrew Niccol"
"Mystery",2018,6.1,51842,"Anon","tt5397194",False,"movie","Crime - Mystery - Sci-Fi","Andrew Niccol"
"Sci-Fi",2018,6.1,51842,"Anon","tt5397194",False,"movie","Crime - Mystery - Sci-Fi","Andrew Niccol"
"Drama",2018,6.9,13109,"Sink or Swim","tt7476116",False,"movie","Comedy - Drama - Sport","Gilles Lellouche"
"Drama",2018,8.4,123713,"Capernaum","tt8267604",False,"movie","Drama","Nadine Labaki"
"Biography",2018,6.7,18869,"A Futile and Stupid Gesture","tt5566790",False,"movie","Biography - Comedy","David Wain"
"Sport",2018,6.9,13109,"Sink or Swim","tt7476116",False,"movie","Comedy - Drama - Sport","Gilles Lellouche"
"Drama",2018,6.3,15382,"Aniara","tt7589524",False,"movie","Drama - Sci-Fi","Pella Kagerman - Hugo Lilja"
"Comedy",2018,6.7,18869,"A Futile and Stupid Gesture","tt5566790",False,"movie","Biography - Comedy","David Wain"
"Romance",2018,7.0,11549,"Ash Is Purest White","tt7298400",False,"movie","Crime - Drama - Romance","Jia Zhang-ke"
"Drama",2018,7.0,11549,"Ash Is Purest White","tt7298400",False,"movie","Crime - Drama - Romance","Jia Zhang-ke"
"Crime",2018,7.0,11549,"Ash Is Purest White","tt7298400",False,"movie","Crime - Drama - Romance","Jia Zhang-ke"
"Drama",2018,7.4,12031,"Woman at War","tt7279188",False,"movie","Adventure - Comedy - Drama","Benedikt Erlingsson"
"Comedy",2018,7.4,12031,"Woman at War","tt7279188",False,"movie","Adventure - Comedy - Drama","Benedikt Erlingsson"
"Horror",2018,5.8,37290,"Tau","tt4357394",False,"movie","Horror - Sci-Fi - Thriller","Federico D'Alessandro"
"Romance",2018,7.1,10683,"Long Day's Journey Into Night","tt8185182",False,"movie","Drama - Mystery - Romance","Bi Gan"
"Drama",2018,7.1,10683,"Long Day's Journey Into Night","tt8185182",False,"movie","Drama - Mystery - Romance","Bi Gan"
"Adventure",2018,7.4,12031,"Woman at War","tt7279188",False,"movie","Adventure - Comedy - Drama","Benedikt Erlingsson"
"Drama",2018,6.9,12351,"El Angel","tt7204348",False,"movie","Biography - Crime - Drama","Luis Ortega"
"Crime",2018,6.9,12351,"El Angel","tt7204348",False,"movie","Biography - Crime - Drama","Luis Ortega"
"Biography",2018,6.9,12351,"El Angel","tt7204348",False,"movie","Biography - Crime - Drama","Luis Ortega"
"Comedy",2018,6.9,94081,"Sorry to Bother You","tt5688932",False,"movie","Comedy - Drama - Fantasy","Boots Riley"
"Drama",2018,6.9,94081,"Sorry to Bother You","tt5688932",False,"movie","Comedy - Drama - Fantasy","Boots Riley"
"Horror",2019,6.8,390547,"Us","tt6857112",False,"movie","Horror - Mystery - Thriller","Jordan Peele"
"Comedy",2019,6.5,84911,"The Lego Movie 2: The Second Part","tt3513498",False,"movie","Adventure - Animation - Comedy","Mike Mitchell"
"Animation",2019,6.5,84911,"The Lego Movie 2: The Second Part","tt3513498",False,"movie","Adventure - Animation - Comedy","Mike Mitchell"
"Adventure",2019,6.5,84911,"The Lego Movie 2: The Second Part","tt3513498",False,"movie","Adventure - Animation - Comedy","Mike Mitchell"
"Thriller",2019,3.7,462,"Norman","tt3484204",False,"movie","Adventure - Sci-Fi - Thriller","Joel Guelzo"
"Sci-Fi",2019,3.7,462,"Norman","tt3484204",False,"movie","Adventure - Sci-Fi - Thriller","Joel Guelzo"
"Adventure",2019,3.7,462,"Norman","tt3484204",False,"movie","Adventure - Sci-Fi - Thriller","Joel Guelzo"
"Sci-Fi",2019,5.9,89922,"Vivarium","tt8368406",False,"movie","Horror - Mystery - Sci-Fi","Lorcan Finnegan"
"Mystery",2019,5.9,89922,"Vivarium","tt8368406",False,"movie","Horror - Mystery - Sci-Fi","Lorcan Finnegan"
"Horror",2019,5.9,89922,"Vivarium","tt8368406",False,"movie","Horror - Mystery - Sci-Fi","Lorcan Finnegan"
"Crime",2019,7.8,455466,"The Gentlemen","tt8367814",False,"movie","Action - Comedy - Crime","Guy Ritchie"
"Comedy",2019,7.8,455466,"The Gentlemen","tt8367814",False,"movie","Action - Comedy - Crime","Guy Ritchie"
"Drama",2019,7.3,34628,"Bacurau","tt2762506",False,"movie","Action - Adventure - Drama","Kleber Mendonça Filho - Juliano Dornelles"
"Adventure",2019,7.3,34628,"Bacurau","tt2762506",False,"movie","Action - Adventure - Drama","Kleber Mendonça Filho - Juliano Dornelles"
"Action",2019,7.3,34628,"Bacurau","tt2762506",False,"movie","Action - Adventure - Drama","Kleber Mendonça Filho - Juliano Dornelles"
"Action",2019,7.8,455466,"The Gentlemen","tt8367814",False,"movie","Action - Comedy - Crime","Guy Ritchie"
"Drama",2019,7.8,471355,"The Irishman","tt1302006",False,"movie","Biography - Crime - Drama","Martin Scorsese"
"Crime",2019,7.8,471355,"The Irishman","tt1302006",False,"movie","Biography - Crime - Drama","Martin Scorsese"
"Biography",2019,7.8,471355,"The Irishman","tt1302006",False,"movie","Biography - Crime - Drama","Martin Scorsese"
"Comedy",2019,6.7,89560,"Good Boys","tt6977338",False,"movie","Adventure - Comedy","Gene Stupnitsky"
"Adventure",2019,6.7,89560,"Good Boys","tt6977338",False,"movie","Adventure - Comedy","Gene Stupnitsky"
"Thriller",2019,6.8,390547,"Us","tt6857112",False,"movie","Horror - Mystery - Thriller","Jordan Peele"
"Mystery",2019,6.8,390547,"Us","tt6857112",False,"movie","Horror - Mystery - Thriller","Jordan Peele"
"Drama",2019,6.3,57944,"The Laundromat","tt5865326",False,"movie","Comedy - Crime - Drama","Steven Soderbergh"
"Crime",2019,6.3,57944,"The Laundromat","tt5865326",False,"movie","Comedy - Crime - Drama","Steven Soderbergh"
"Comedy",2019,6.3,57944,"The Laundromat","tt5865326",False,"movie","Comedy - Crime - Drama","Steven Soderbergh"
"Drama",2019,6.7,8603,"The Wild Goose Lake","tt9647768",False,"movie","Crime - Drama","Yi'nan Diao"
"Crime",2019,6.7,8603,"The Wild Goose Lake","tt9647768",False,"movie","Crime - Drama","Yi'nan Diao"
"Fantasy",2019,5.8,2804,"The Man Without Gravity","tt9646240",False,"movie","Comedy - Drama - Fantasy","Marco Bonfanti"
"Drama",2019,5.8,2804,"The Man Without Gravity","tt9646240",False,"movie","Comedy - Drama - Fantasy","Marco Bonfanti"
"Comedy",2019,5.8,2804,"The Man Without Gravity","tt9646240",False,"movie","Comedy - Drama - Fantasy","Marco Bonfanti"
"Western",2019,5.4,20178,"3 from Hell","tt8134742",False,"movie","Action - Horror - Western","Rob Zombie"
"Documentary",2019,7.3,8422,"Hail Satan?","tt9358044",False,"movie","Documentary","Penny Lane"
"Horror",2019,5.4,20178,"3 from Hell","tt8134742",False,"movie","Action - Horror - Western","Rob Zombie"
"Action",2019,5.4,20178,"3 from Hell","tt8134742",False,"movie","Action - Horror - Western","Rob Zombie"
"Mystery",2019,5.8,44869,"Eli","tt5294518",False,"movie","Drama - Horror - Mystery","Ciarán Foy"
"Horror",2019,5.8,44869,"Eli","tt5294518",False,"movie","Drama - Horror - Mystery","Ciarán Foy"
"Drama",2019,5.8,44869,"Eli","tt5294518",False,"movie","Drama - Horror - Mystery","Ciarán Foy"
"History",2019,7.6,121110,"Dark Waters","tt9071322",False,"movie","Biography - Drama - History","Todd Haynes"
"Drama",2019,7.6,121110,"Dark Waters","tt9071322",False,"movie","Biography - Drama - History","Todd Haynes"
"Biography",2019,7.6,121110,"Dark Waters","tt9071322",False,"movie","Biography - Drama - History","Todd Haynes"
"Mystery",2019,6.2,46001,"Synchronic","tt9016974",False,"movie","Drama - Horror - Mystery","Aaron Moorhead - Justin Benson"
"Horror",2019,6.2,46001,"Synchronic","tt9016974",False,"movie","Drama - Horror - Mystery","Aaron Moorhead - Justin Benson"
"Drama",2019,6.2,46001,"Synchronic","tt9016974",False,"movie","Drama - Horror - Mystery","Aaron Moorhead - Justin Benson"
"Action",2019,8.1,568798,"Ford v Ferrari","tt1950186",False,"movie","Action - Biography - Drama","James Mangold"
"Biography",2019,8.1,568798,"Ford v Ferrari","tt1950186",False,"movie","Action - Biography - Drama","James Mangold"
"Drama",2019,8.1,568798,"Ford v Ferrari","tt1950186",False,"movie","Action - Biography - Drama","James Mangold"
"Crime",2019,6.8,66071,"Motherless Brooklyn","tt0385887",False,"movie","Crime - Drama - Mystery","Edward Norton"
"Drama",2019,6.8,66071,"Motherless Brooklyn","tt0385887",False,"movie","Crime - Drama - Mystery","Edward Norton"
"Drama",2019,7.6,119314,"The Peanut Butter Falcon","tt4364194",False,"movie","Adventure - Comedy - Drama","Michael Schwartz - Tyler Nilson"
"Comedy",2019,7.6,119314,"The Peanut Butter Falcon","tt4364194",False,"movie","Adventure - Comedy - Drama","Michael Schwartz - Tyler Nilson"
"Adventure",2019,7.6,119314,"The Peanut Butter Falcon","tt4364194",False,"movie","Adventure - Comedy - Drama","Michael Schwartz - Tyler Nilson"
"Thriller",2019,6.5,112387,"Fractured","tt4332232",False,"movie","Drama - Mystery - Thriller","Brad Anderson"
"Mystery",2019,6.5,112387,"Fractured","tt4332232",False,"movie","Drama - Mystery - Thriller","Brad Anderson"
"Drama",2019,6.5,112387,"Fractured","tt4332232",False,"movie","Drama - Mystery - Thriller","Brad Anderson"
"History",2019,8.1,28713,"Apollo 11","tt8760684",True,"movie","Documentary - History","Todd Douglas Miller"
"Documentary",2019,8.1,28713,"Apollo 11","tt8760684",True,"movie","Documentary - History","Todd Douglas Miller"
"Mystery",2019,6.8,66071,"Motherless Brooklyn","tt0385887",False,"movie","Crime - Drama - Mystery","Edward Norton"
"Drama",2019,7.2,13115,"Beanpole","tt10199640",False,"movie","Drama - War","Kantemir Balagov"
"War",2019,7.2,13115,"Beanpole","tt10199640",False,"movie","Drama - War","Kantemir Balagov"
"Action",2019,6.7,8768,"First Love","tt10228168",False,"movie","Action - Comedy - Crime","Takashi Miike"
"Comedy",2019,6.7,8768,"First Love","tt10228168",False,"movie","Action - Comedy - Crime","Takashi Miike"
"Crime",2019,6.7,8768,"First Love","tt10228168",False,"movie","Action - Comedy - Crime","Takashi Miike"
"Action",2019,5.7,130884,"Gemini Man","tt1025100",False,"movie","Action - Sci-Fi - Thriller","Ang Lee"
"Sci-Fi",2019,5.7,130884,"Gemini Man","tt1025100",False,"movie","Action - Sci-Fi - Thriller","Ang Lee"
"Thriller",2019,5.7,130884,"Gemini Man","tt1025100",False,"movie","Action - Sci-Fi - Thriller","Ang Lee"
"Adventure",2020,7.8,8193,"Great Pretender","tt11680468",True,"tvSeries","Adventure - Animation - Comedy","Hiroshi Kaburagi - Yasuhiro Akamatsu"
"Comedy",2020,5.9,56573,"Bill & Ted Face the Music","tt1086064",False,"movie","Adventure - Comedy - Music","Dean Parisot"
"Music",2020,5.9,56573,"Bill & Ted Face the Music","tt1086064",False,"movie","Adventure - Comedy - Music","Dean Parisot"
"Crime",2020,7.1,168809,"The Devil All the Time","tt7395114",False,"movie","Crime - Drama - Thriller","Antonio Campos"
"Drama",2020,5.1,11429,"Tesla","tt5259822",False,"movie","Biography - Drama","Michael Almereyda"
"Biography",2020,5.1,11429,"Tesla","tt5259822",False,"movie","Biography - Drama","Michael Almereyda"
"Drama",2020,7.4,124916,"Minari","tt10633456",False,"movie","Drama","Lee Isaac Chung"
"Drama",2020,6.8,104102,"Mank","tt10618286",True,"movie","Biography - Drama","David Fincher"
"Biography",2020,6.8,104102,"Mank","tt10618286",True,"movie","Biography - Drama","David Fincher"
"Drama",2020,7.1,35865,"One Night in Miami...","tt10612922",False,"movie","Drama","Regina King"
"Short",2020,NULL,NULL,"The Book of Distance","tt12175526",False,"short","Documentary - Short","Randall Okita"
"Documentary",2020,NULL,NULL,"The Book of Distance","tt12175526",False,"short","Documentary - Short","Randall Okita"
"Animation",2020,7.8,8193,"Great Pretender","tt11680468",True,"tvSeries","Adventure - Animation - Comedy","Hiroshi Kaburagi - Yasuhiro Akamatsu"
"Action",2020,6.8,10785,"Night in Paradise","tt12792418",False,"movie","Action - Crime - Drama","Park Hoon-jung"
"Crime",2020,6.8,10785,"Night in Paradise","tt12792418",False,"movie","Action - Crime - Drama","Park Hoon-jung"
"Drama",2020,6.8,10785,"Night in Paradise","tt12792418",False,"movie","Action - Crime - Drama","Park Hoon-jung"
"War",2020,5.0,34248,"Shadow in the Cloud","tt9691136",False,"movie","Action - Horror - War","Roseanne Liang"
"Horror",2020,5.0,34248,"Shadow in the Cloud","tt9691136",False,"movie","Action - Horror - War","Roseanne Liang"
"Action",2020,5.0,34248,"Shadow in the Cloud","tt9691136",False,"movie","Action - Horror - War","Roseanne Liang"
"Sci-Fi",2020,6.5,53570,"Possessor","tt5918982",False,"movie","Horror - Mystery - Sci-Fi","Brandon Cronenberg"
"Mystery",2020,6.5,53570,"Possessor","tt5918982",False,"movie","Horror - Mystery - Sci-Fi","Brandon Cronenberg"
"Horror",2020,6.5,53570,"Possessor","tt5918982",False,"movie","Horror - Mystery - Sci-Fi","Brandon Cronenberg"
"Thriller",2020,7.1,168809,"The Devil All the Time","tt7395114",False,"movie","Crime - Drama - Thriller","Antonio Campos"
"Comedy",2020,5.2,1448,"Faith Based","tt10260692",False,"movie","Comedy","Vincent Masciale"
"Action",2020,6.6,152497,"The Hunt","tt8244784",False,"movie","Action - Horror - Thriller","Craig Zobel"
"Action",2020,5.4,21334,"The Rhythm Section","tt7134096",False,"movie","Action - Drama - Mystery","Reed Morano"
"Drama",2020,5.4,21334,"The Rhythm Section","tt7134096",False,"movie","Action - Drama - Mystery","Reed Morano"
"Mystery",2020,5.4,21334,"The Rhythm Section","tt7134096",False,"movie","Action - Drama - Mystery","Reed Morano"
"Drama",2020,6.9,7787,"The Man Who Sold His Skin","tt10360862",False,"movie","Drama","Kaouther Ben Hania"
"Adventure",2020,5.6,32835,"Scoob!","tt3152592",False,"movie","Adventure - Animation - Comedy","Tony Cervone"
"Adventure",2020,6.7,64073,"The Call of the Wild","tt7504726",False,"movie","Adventure - Drama - Family","Chris Sanders"
"Animation",2020,5.6,32835,"Scoob!","tt3152592",False,"movie","Adventure - Animation - Comedy","Tony Cervone"
"Drama",2020,7.1,168809,"The Devil All the Time","tt7395114",False,"movie","Crime - Drama - Thriller","Antonio Campos"
"Comedy",2020,5.6,32835,"Scoob!","tt3152592",False,"movie","Adventure - Animation - Comedy","Tony Cervone"
"Drama",2020,6.7,64073,"The Call of the Wild","tt7504726",False,"movie","Adventure - Drama - Family","Chris Sanders"
"Comedy",2020,7.8,8193,"Great Pretender","tt11680468",True,"tvSeries","Adventure - Animation - Comedy","Hiroshi Kaburagi - Yasuhiro Akamatsu"
"Drama",2020,7.1,721,"Here We Are","tt8135564",False,"movie","Drama","Nir Bergman"
"Family",2020,6.7,64073,"The Call of the Wild","tt7504726",False,"movie","Adventure - Drama - Family","Chris Sanders"
"Adventure",2020,5.9,56573,"Bill & Ted Face the Music","tt1086064",False,"movie","Adventure - Comedy - Music","Dean Parisot"
"Mystery",2020,7.2,81553,"The Courier","tt8368512",False,"movie","Drama - History - Mystery","Dominic Cooke"
"History",2020,7.2,81553,"The Courier","tt8368512",False,"movie","Drama - History - Mystery","Dominic Cooke"
"Comedy",2020,6.5,192010,"Sonic the Hedgehog","tt3794354",False,"movie","Action - Adventure - Comedy","Jeff Fowler"
"Adventure",2020,6.5,192010,"Sonic the Hedgehog","tt3794354",False,"movie","Action - Adventure - Comedy","Jeff Fowler"
"Drama",2020,7.2,81553,"The Courier","tt8368512",False,"movie","Drama - History - Mystery","Dominic Cooke"
"Thriller",2020,6.6,152497,"The Hunt","tt8244784",False,"movie","Action - Horror - Thriller","Craig Zobel"
"Horror",2020,6.6,152497,"The Hunt","tt8244784",False,"movie","Action - Horror - Thriller","Craig Zobel"
"Action",2020,6.5,192010,"Sonic the Hedgehog","tt3794354",False,"movie","Action - Adventure - Comedy","Jeff Fowler"
"Sci-Fi",2021,4.8,6916,"Settlers","tt9373688",False,"movie","Drama - Sci-Fi - Thriller","Wyatt Rockefeller"
"Crime",2021,6.1,55671,"Gunpowder Milkshake","tt8368408",True,"movie","Action - Crime - Thriller","Navot Papushado"
"Comedy",2021,5.3,43130,"Tom & Jerry","tt1361336",False,"movie","Adventure - Animation - Comedy","Tim Story"
"History",2021,6.8,23758,"The Electrical Life of Louis Wain","tt10687506",True,"movie","Biography - Drama - History","Will Sharpe"
"Thriller",2021,6.1,55671,"Gunpowder Milkshake","tt8368408",True,"movie","Action - Crime - Thriller","Navot Papushado"
"Crime",2021,6.8,5021,"Operation Hyacinth","tt14315584",False,"movie","Crime - Drama - Thriller","Piotr Domalewski"
"Drama",2021,6.8,23758,"The Electrical Life of Louis Wain","tt10687506",True,"movie","Biography - Drama - History","Will Sharpe"
"Biography",2021,6.8,23758,"The Electrical Life of Louis Wain","tt10687506",True,"movie","Biography - Drama - History","Will Sharpe"
"Action",2021,6.1,55671,"Gunpowder Milkshake","tt8368408",True,"movie","Action - Crime - Thriller","Navot Papushado"
"Animation",2021,5.7,2047,"Seal Team","tt8456190",False,"movie","Action - Animation - Comedy","Kane Croudace - Greig Cameron"
"Drama",2021,6.8,5021,"Operation Hyacinth","tt14315584",False,"movie","Crime - Drama - Thriller","Piotr Domalewski"
"Thriller",2021,6.8,5021,"Operation Hyacinth","tt14315584",False,"movie","Crime - Drama - Thriller","Piotr Domalewski"
"Action",2021,8.1,1015075,"Spider-Man: No Way Home","tt10872600",False,"movie","Action - Adventure - Fantasy","Jon Watts"
"Animation",2021,7.3,187331,"Raya and the Last Dragon","tt5109280",False,"movie","Action - Adventure - Animation","John Ripa - Paul Briggs - Don Hall - Carlos López Estrada"
"Adventure",2021,7.3,187331,"Raya and the Last Dragon","tt5109280",False,"movie","Action - Adventure - Animation","John Ripa - Paul Briggs - Don Hall - Carlos López Estrada"
"Action",2021,7.3,187331,"Raya and the Last Dragon","tt5109280",False,"movie","Action - Adventure - Animation","John Ripa - Paul Briggs - Don Hall - Carlos López Estrada"
"Action",2021,5.8,200562,"Army of the Dead","tt0993840",False,"movie","Action - Adventure - Crime","Zack Snyder"
"Adventure",2021,5.8,200562,"Army of the Dead","tt0993840",False,"movie","Action - Adventure - Crime","Zack Snyder"
"Crime",2021,5.8,200562,"Army of the Dead","tt0993840",False,"movie","Action - Adventure - Crime","Zack Snyder"
"Animation",2021,5.3,43130,"Tom & Jerry","tt1361336",False,"movie","Adventure - Animation - Comedy","Tim Story"
"Comedy",2021,5.7,2047,"Seal Team","tt8456190",False,"movie","Action - Animation - Comedy","Kane Croudace - Greig Cameron"
"Sci-Fi",2021,6.6,3599,"Petrov's Flu","tt10380900",False,"movie","Drama - Sci-Fi","Kirill Serebrennikov"
"Drama",2021,6.6,3599,"Petrov's Flu","tt10380900",False,"movie","Drama - Sci-Fi","Kirill Serebrennikov"
"Biography",2021,7.2,117524,"Belfast","tt12789558",False,"movie","Biography - Drama","Kenneth Branagh"
"Drama",2021,7.2,117524,"Belfast","tt12789558",False,"movie","Biography - Drama","Kenneth Branagh"
"Action",2021,5.7,2047,"Seal Team","tt8456190",False,"movie","Action - Animation - Comedy","Kane Croudace - Greig Cameron"
"Drama",2021,7.6,33727,"Marcel the Shell with Shoes On","tt15339456",False,"movie","Animation - Comedy - Drama","Dean Fleischer Camp"
"Comedy",2021,7.6,33727,"Marcel the Shell with Shoes On","tt15339456",False,"movie","Animation - Comedy - Drama","Dean Fleischer Camp"
"Animation",2021,7.6,33727,"Marcel the Shell with Shoes On","tt15339456",False,"movie","Animation - Comedy - Drama","Dean Fleischer Camp"
"Thriller",2021,4.2,15692,"Prisoners of the Ghostland","tt6372694",False,"movie","Fantasy - Horror - Thriller","Sion Sono"
"Horror",2021,4.2,15692,"Prisoners of the Ghostland","tt6372694",False,"movie","Fantasy - Horror - Thriller","Sion Sono"
"Fantasy",2021,4.2,15692,"Prisoners of the Ghostland","tt6372694",False,"movie","Fantasy - Horror - Thriller","Sion Sono"
"Action",2021,7.1,237661,"Wrath of Man","tt11083552",False,"movie","Action - Crime - Thriller","Guy Ritchie"
"Adventure",2021,8.1,1015075,"Spider-Man: No Way Home","tt10872600",False,"movie","Action - Adventure - Fantasy","Jon Watts"
"Fantasy",2021,8.1,1015075,"Spider-Man: No Way Home","tt10872600",False,"movie","Action - Adventure - Fantasy","Jon Watts"
"Adventure",2021,5.3,43130,"Tom & Jerry","tt1361336",False,"movie","Adventure - Animation - Comedy","Tim Story"
"Thriller",2021,4.8,6916,"Settlers","tt9373688",False,"movie","Drama - Sci-Fi - Thriller","Wyatt Rockefeller"
"Horror",2021,6.9,262347,"The Black Phone","tt7144666",False,"movie","Horror - Mystery - Thriller","Scott Derrickson"
"Mystery",2021,6.9,262347,"The Black Phone","tt7144666",False,"movie","Horror - Mystery - Thriller","Scott Derrickson"
"Thriller",2021,7.1,237661,"Wrath of Man","tt11083552",False,"movie","Action - Crime - Thriller","Guy Ritchie"
"Crime",2021,7.1,237661,"Wrath of Man","tt11083552",False,"movie","Action - Crime - Thriller","Guy Ritchie"
"Thriller",2021,6.9,262347,"The Black Phone","tt7144666",False,"movie","Horror - Mystery - Thriller","Scott Derrickson"
"Drama",2021,4.8,6916,"Settlers","tt9373688",False,"movie","Drama - Sci-Fi - Thriller","Wyatt Rockefeller"
"Adventure",2022,6.0,27025,"Vesper","tt20225374",False,"movie","Adventure - Drama - Sci-Fi","Bruno Samper - Kristina Buozyte"
"Action",2022,5.8,9626,"The Takedown","tt13822738",False,"movie","Action - Comedy - Crime","Louis Leterrier"
"Comedy",2022,5.8,9626,"The Takedown","tt13822738",False,"movie","Action - Comedy - Crime","Louis Leterrier"
"Crime",2022,5.8,9626,"The Takedown","tt13822738",False,"movie","Action - Comedy - Crime","Louis Leterrier"
"Comedy",2022,6.1,6935,"Corner Office","tt13849558",True,"movie","Comedy - Drama - Mystery","Joachim Back"
"Drama",2022,6.1,6935,"Corner Office","tt13849558",True,"movie","Comedy - Drama - Mystery","Joachim Back"
"Mystery",2022,6.1,6935,"Corner Office","tt13849558",True,"movie","Comedy - Drama - Mystery","Joachim Back"
"Drama",2022,6.7,27249,"Empire of Light","tt14402146",True,"movie","Drama - Romance","Sam Mendes"
"Romance",2022,6.7,27249,"Empire of Light","tt14402146",True,"movie","Drama - Romance","Sam Mendes"
"Adventure",2022,6.1,18011,"Lyle, Lyle, Crocodile","tt14668630",False,"movie","Adventure - Comedy - Family","Josh Gordon - Will Speck"
"Comedy",2022,6.1,18011,"Lyle, Lyle, Crocodile","tt14668630",False,"movie","Adventure - Comedy - Family","Josh Gordon - Will Speck"
"Family",2022,6.1,18011,"Lyle, Lyle, Crocodile","tt14668630",False,"movie","Adventure - Comedy - Family","Josh Gordon - Will Speck"
"Action",2022,4.8,2770,"Blasted","tt14866710",False,"movie","Action - Comedy - Sci-Fi","Martin Sofiedal"
"Comedy",2022,4.8,2770,"Blasted","tt14866710",False,"movie","Action - Comedy - Sci-Fi","Martin Sofiedal"
"Sci-Fi",2022,4.8,2770,"Blasted","tt14866710",False,"movie","Action - Comedy - Sci-Fi","Martin Sofiedal"
"Action",2022,7.1,79314,"Werewolf by Night","tt15318872",False,"tvMovie","Action - Drama - Fantasy","Michael Giacchino"
"Drama",2022,7.1,79314,"Werewolf by Night","tt15318872",False,"tvMovie","Action - Drama - Fantasy","Michael Giacchino"
"Fantasy",2022,7.1,79314,"Werewolf by Night","tt15318872",False,"tvMovie","Action - Drama - Fantasy","Michael Giacchino"
"Comedy",2022,6.4,6426,"Smoking Causes Coughing","tt15471560",True,"movie","Comedy - Horror - Sci-Fi","Quentin Dupieux"
"Horror",2022,6.4,6426,"Smoking Causes Coughing","tt15471560",True,"movie","Comedy - Horror - Sci-Fi","Quentin Dupieux"
"Sci-Fi",2022,6.4,6426,"Smoking Causes Coughing","tt15471560",True,"movie","Comedy - Horror - Sci-Fi","Quentin Dupieux"
"Biography",2022,8.0,5319,"Tony Hawk: Until the Wheels Fall Off","tt16118722",False,"movie","Biography - Documentary - Sport","Sam Jones"
"Documentary",2022,8.0,5319,"Tony Hawk: Until the Wheels Fall Off","tt16118722",False,"movie","Biography - Documentary - Sport","Sam Jones"
"Sport",2022,8.0,5319,"Tony Hawk: Until the Wheels Fall Off","tt16118722",False,"movie","Biography - Documentary - Sport","Sam Jones"
"Action",2022,6.5,271743,"The Gray Man","tt1649418",False,"movie","Action - Mystery - Thriller","Anthony Russo - Joe Russo"
"Mystery",2022,6.5,271743,"The Gray Man","tt1649418",False,"movie","Action - Mystery - Thriller","Anthony Russo - Joe Russo"
"Thriller",2022,6.5,271743,"The Gray Man","tt1649418",False,"movie","Action - Mystery - Thriller","Anthony Russo - Joe Russo"
"Action",2022,6.8,48586,"Weird: The Al Yankovic Story","tt17076046",False,"movie","Action - Biography - Comedy","Eric Appel"
"Biography",2022,6.8,48586,"Weird: The Al Yankovic Story","tt17076046",False,"movie","Action - Biography - Comedy","Eric Appel"
"Comedy",2022,6.8,48586,"Weird: The Al Yankovic Story","tt17076046",False,"movie","Action - Biography - Comedy","Eric Appel"
"Drama",2022,5.8,6885,"Monolith","tt18298588",False,"movie","Drama - Horror - Mystery","Matt Vesely"
"Horror",2022,5.8,6885,"Monolith","tt18298588",False,"movie","Drama - Horror - Mystery","Matt Vesely"
"Mystery",2022,5.8,6885,"Monolith","tt18298588",False,"movie","Drama - Horror - Mystery","Matt Vesely"
"Drama",2022,8.3,101288,"1923","tt18335752",False,"tvSeries","Drama - Western","Guy Ferland - Ben Richardson"
"Western",2022,8.3,101288,"1923","tt18335752",False,"tvSeries","Drama - Western","Guy Ferland - Ben Richardson"
"Drama",2022,7.1,9609,"Godland","tt19623228",False,"movie","Drama","Hlynur Pálmason"
"Drama",2022,6.0,27025,"Vesper","tt20225374",False,"movie","Adventure - Drama - Sci-Fi","Bruno Samper - Kristina Buozyte"
"Sci-Fi",2022,6.0,27025,"Vesper","tt20225374",False,"movie","Adventure - Drama - Sci-Fi","Bruno Samper - Kristina Buozyte"
"Animation",2022,7.9,1093,"Aurora's Sunrise","tt20873160",False,"movie","Animation - Documentary - War","Inna Sahakyan"
"Documentary",2022,7.9,1093,"Aurora's Sunrise","tt20873160",False,"movie","Animation - Documentary - War","Inna Sahakyan"
"War",2022,7.9,1093,"Aurora's Sunrise","tt20873160",False,"movie","Animation - Documentary - War","Inna Sahakyan"
"Biography",2022,7.7,47406,"Our Flag Means Death","tt11000902",False,"tvSeries","Action - Adventure - Biography","Taika Waititi - Bertie Ellwood - Nacho Vigalondo - David Jenkins - Amber Templemore - Andrew DeYoung - Fernando Frias"
"Adventure",2022,7.7,47406,"Our Flag Means Death","tt11000902",False,"tvSeries","Action - Adventure - Biography","Taika Waititi - Bertie Ellwood - Nacho Vigalondo - David Jenkins - Amber Templemore - Andrew DeYoung - Fernando Frias"
"Action",2022,7.7,47406,"Our Flag Means Death","tt11000902",False,"tvSeries","Action - Adventure - Biography","Taika Waititi - Bertie Ellwood - Nacho Vigalondo - David Jenkins - Amber Templemore - Andrew DeYoung - Fernando Frias"
"Fantasy",2022,6.6,59509,"Spirited","tt10999120",True,"movie","Comedy - Family - Fantasy","Sean Anders"
"Family",2022,6.6,59509,"Spirited","tt10999120",True,"movie","Comedy - Family - Fantasy","Sean Anders"
"Action",2022,5.1,10788,"Carter","tt21237030",False,"movie","Action - Thriller","Jung Byung-gil"
"Thriller",2022,5.1,10788,"Carter","tt21237030",False,"movie","Action - Thriller","Jung Byung-gil"
"Comedy",2022,6.6,59509,"Spirited","tt10999120",True,"movie","Comedy - Family - Fantasy","Sean Anders"
"Comedy",2022,6.1,459016,"Thor: Love and Thunder","tt10648342",False,"movie","Action - Adventure - Comedy","Taika Waititi"
"Adventure",2022,6.1,459016,"Thor: Love and Thunder","tt10648342",False,"movie","Action - Adventure - Comedy","Taika Waititi"
"Action",2022,6.1,459016,"Thor: Love and Thunder","tt10648342",False,"movie","Action - Adventure - Comedy","Taika Waititi"
"Horror",2022,5.1,1448,"Mind Body Spirit","tt26748538",False,"movie","Horror","Matthew Merenda - Alex Henes"
"Comedy",2022,6.9,3097,"Unicorn Wars","tt10483152",True,"movie","Action - Animation - Comedy","Alberto Vázquez"
"Animation",2022,6.9,3097,"Unicorn Wars","tt10483152",True,"movie","Action - Animation - Comedy","Alberto Vázquez"
"Action",2022,6.9,3097,"Unicorn Wars","tt10483152",True,"movie","Action - Animation - Comedy","Alberto Vázquez"
"Animation",2022,5.7,50540,"Strange World","tt10298840",False,"movie","Action - Adventure - Animation","Don Hall - Qui Nguyen"
"Adventure",2022,5.7,50540,"Strange World","tt10298840",False,"movie","Action - Adventure - Animation","Don Hall - Qui Nguyen"
"Action",2022,5.7,50540,"Strange World","tt10298840",False,"movie","Action - Adventure - Animation","Don Hall - Qui Nguyen"
"Action",2022,7.8,223594,"Puss in Boots: The Last Wish","tt3915174",True,"movie","Action - Adventure - Animation","Januel Mercado - Joel Crawford"
"Adventure",2022,7.8,223594,"Puss in Boots: The Last Wish","tt3915174",True,"movie","Action - Adventure - Animation","Januel Mercado - Joel Crawford"
"Animation",2022,7.8,223594,"Puss in Boots: The Last Wish","tt3915174",True,"movie","Action - Adventure - Animation","Januel Mercado - Joel Crawford"
"Comedy",2022,5.1,418,"Daniel's Gotta Die","tt4925252",False,"movie","Comedy","Jeremy LaLonde"
"Biography",2022,5.5,17362,"Lamborghini: The Man Behind the Legend","tt5533370",True,"movie","Biography - Drama - Sport","Bobby Moresco"
"Drama",2022,5.5,17362,"Lamborghini: The Man Behind the Legend","tt5533370",True,"movie","Biography - Drama - Sport","Bobby Moresco"
"Sport",2022,5.5,17362,"Lamborghini: The Man Behind the Legend","tt5533370",True,"movie","Biography - Drama - Sport","Bobby Moresco"
"Animation",2022,7.1,1271,"Blind Willow, Sleeping Woman","tt9320184",False,"movie","Animation - Drama - Sci-Fi","Pierre Földes"
"Drama",2022,7.1,1271,"Blind Willow, Sleeping Woman","tt9320184",False,"movie","Animation - Drama - Sci-Fi","Pierre Földes"
"Sci-Fi",2022,7.1,1271,"Blind Willow, Sleeping Woman","tt9320184",False,"movie","Animation - Drama - Sci-Fi","Pierre Földes"
"Comedy",2022,6.3,39390,"Bros","tt9731598",False,"movie","Comedy - Romance","Nicholas Stoller"
"Romance",2022,6.3,39390,"Bros","tt9731598",False,"movie","Comedy - Romance","Nicholas Stoller"
"Drama",2022,6.6,20749,"Narvik: Hitler's First Defeat","tt9737876",False,"movie","Drama - History - War","Erik Skjoldbjærg"
"History",2022,6.6,20749,"Narvik: Hitler's First Defeat","tt9737876",False,"movie","Drama - History - War","Erik Skjoldbjærg"
"War",2022,6.6,20749,"Narvik: Hitler's First Defeat","tt9737876",False,"movie","Drama - History - War","Erik Skjoldbjærg"
"Comedy",2022,7.5,209749,"A Man Called Otto","tt7405458",False,"movie","Comedy - Drama","Marc Forster"
"Drama",2022,7.5,209749,"A Man Called Otto","tt7405458",False,"movie","Comedy - Drama","Marc Forster"
"Action",2022,6.6,32611,"Devotion","tt7693316",False,"movie","Action - Biography - Drama","J.D. Dillard"
"Biography",2022,6.6,32611,"Devotion","tt7693316",False,"movie","Action - Biography - Drama","J.D. Dillard"
"Drama",2022,6.6,32611,"Devotion","tt7693316",False,"movie","Action - Biography - Drama","J.D. Dillard"
"Comedy",2022,7.4,9491,"Spoiler Alert","tt7775720",False,"movie","Comedy - Drama - Romance","Michael Showalter"
"Drama",2022,7.4,9491,"Spoiler Alert","tt7775720",False,"movie","Comedy - Drama - Romance","Michael Showalter"
"Romance",2022,7.4,9491,"Spoiler Alert","tt7775720",False,"movie","Comedy - Drama - Romance","Michael Showalter"
"Drama",2022,6.7,9124,"In from the Side","tt7947604",False,"movie","Drama - Romance - Sport","Matt Carter"
"Romance",2022,6.7,9124,"In from the Side","tt7947604",False,"movie","Drama - Romance - Sport","Matt Carter"
"Sport",2022,6.7,9124,"In from the Side","tt7947604",False,"movie","Drama - Romance - Sport","Matt Carter"
"Thriller",2022,6.3,74,"Killer of Men","tt11985484",False,"movie","Thriller","Tzvi"
"Action",2022,6.7,121073,"Violent Night","tt12003946",False,"movie","Action - Comedy - Thriller","Tommy Wirkola"
"Comedy",2022,6.7,121073,"Violent Night","tt12003946",False,"movie","Action - Comedy - Thriller","Tommy Wirkola"
"Thriller",2022,6.7,121073,"Violent Night","tt12003946",False,"movie","Action - Comedy - Thriller","Tommy Wirkola"
"Crime",2022,7.3,68638,"Decision to Leave","tt12477480",False,"movie","Crime - Drama - Mystery","Park Chan-wook"
"Drama",2022,7.3,68638,"Decision to Leave","tt12477480",False,"movie","Crime - Drama - Mystery","Park Chan-wook"
"Mystery",2022,7.3,68638,"Decision to Leave","tt12477480",False,"movie","Crime - Drama - Mystery","Park Chan-wook"
"Horror",2022,5.6,8653,"Glorious","tt12724306",False,"movie","Horror - Mystery - Thriller","Rebekah McKendry"
"Mystery",2022,5.6,8653,"Glorious","tt12724306",False,"movie","Horror - Mystery - Thriller","Rebekah McKendry"
"Thriller",2022,5.6,8653,"Glorious","tt12724306",False,"movie","Horror - Mystery - Thriller","Rebekah McKendry"
"Action",2022,4.8,4044,"Savage Salvation","tt13055982",False,"movie","Action - Thriller","Randall Emmett"
"Thriller",2022,4.8,4044,"Savage Salvation","tt13055982",False,"movie","Action - Thriller","Randall Emmett"
"Action",2022,6.1,98931,"Day Shift","tt13314558",False,"movie","Action - Comedy - Fantasy","J.J. Perry"
"Comedy",2022,6.1,98931,"Day Shift","tt13314558",False,"movie","Action - Comedy - Fantasy","J.J. Perry"
"Fantasy",2022,6.1,98931,"Day Shift","tt13314558",False,"movie","Action - Comedy - Fantasy","J.J. Perry"
"Action",2022,6.1,176163,"The Lost City","tt13320622",False,"movie","Action - Adventure - Comedy","Adam Nee - Aaron Nee"
"Adventure",2022,6.1,176163,"The Lost City","tt13320622",False,"movie","Action - Adventure - Comedy","Adam Nee - Aaron Nee"
"Comedy",2022,6.1,176163,"The Lost City","tt13320622",False,"movie","Action - Adventure - Comedy","Adam Nee - Aaron Nee"
"Adventure",2022,6.7,35934,"Slumberland","tt13320662",False,"movie","Adventure - Comedy - Drama","Francis Lawrence"
"Comedy",2022,6.7,35934,"Slumberland","tt13320662",False,"movie","Adventure - Comedy - Drama","Francis Lawrence"
"Drama",2022,6.7,35934,"Slumberland","tt13320662",False,"movie","Adventure - Comedy - Drama","Francis Lawrence"
"Animation",2023,7.5,61764,"Nimona","tt19500164",True,"movie","Action - Adventure - Animation","Troy Quane - Nick Bruno"
"Adventure",2023,7.5,61764,"Nimona","tt19500164",True,"movie","Action - Adventure - Animation","Troy Quane - Nick Bruno"
"Action",2023,7.5,61764,"Nimona","tt19500164",True,"movie","Action - Adventure - Animation","Troy Quane - Nick Bruno"
"Comedy",2023,7.0,11809,"Humanist Vampire Seeking Consenting Suicidal Person","tt24216998",False,"movie","Comedy - Drama - Fantasy","Ariane Louis-Seize"
"Thriller",2023,5.3,1525,"The Black Book","tt24083908",False,"movie","Thriller","Editi Effiong"
"War",2023,8.6,43810,"20 Days in Mariupol","tt24082438",True,"movie","Documentary - War","Mstyslav Chernov"
"Horror",2023,5.0,471,"Big Shark","tt9755806",False,"movie","Adventure - Comedy - Horror","Tommy Wiseau"
"Adventure",2023,7.6,202581,"Godzilla Minus One","tt23289160",False,"movie","Action - Adventure - Drama","Takashi Yamazaki"
"Action",2023,7.6,202581,"Godzilla Minus One","tt23289160",False,"movie","Action - Adventure - Drama","Takashi Yamazaki"
"Adventure",2023,6.7,222727,"The Killer","tt1136617",True,"movie","Action - Adventure - Crime","David Fincher"
"Fantasy",2023,6.8,3239,"River","tt27695005",True,"movie","Comedy - Fantasy - Sci-Fi","Junta Yamaguchi"
"Drama",2023,6.3,854,"Banel & Adama","tt26256406",False,"movie","Drama","Ramata-Toulaye Sy"
"Action",2023,6.2,1808,"The Goldfinger","tt14099796",False,"movie","Action - Crime - Drama","Felix Chong"
"Comedy",2023,6.6,12907,"Polite Society","tt18257464",False,"movie","Action - Comedy","Nida Manzoor"
"Action",2023,6.6,12907,"Polite Society","tt18257464",False,"movie","Action - Comedy","Nida Manzoor"
"Documentary",2023,8.6,43810,"20 Days in Mariupol","tt24082438",True,"movie","Documentary - War","Mstyslav Chernov"
"Comedy",2023,6.5,31078,"Next Goal Wins","tt10767052",False,"movie","Comedy - Drama - Sport","Taika Waititi"
"Drama",2023,6.5,31078,"Next Goal Wins","tt10767052",False,"movie","Comedy - Drama - Sport","Taika Waititi"
"Sci-Fi",2023,5.1,2991,"Acid","tt17569526",False,"movie","Drama - Sci-Fi","Just Philippot"
"Drama",2023,5.1,2991,"Acid","tt17569526",False,"movie","Drama - Sci-Fi","Just Philippot"
"Adventure",2023,5.6,140284,"Rebel Moon - Part One: A Child of Fire","tt14998742",True,"movie","Action - Adventure - Drama","Zack Snyder"
"Drama",2023,5.6,140284,"Rebel Moon - Part One: A Child of Fire","tt14998742",True,"movie","Action - Adventure - Drama","Zack Snyder"
"Drama",2023,7.5,53052,"All the Light We Cannot See","tt15320362",True,"tvMiniSeries","Drama - History - War","Shawn Levy"
"Sci-Fi",2023,7.0,58439,"Monarch: Legacy of Monsters","tt17220216",False,"tvSeries","Action - Adventure - Sci-Fi","Mairzee Almas - Andy Goddard - Julian Holmes - Jeff King - Matt Shakman - Lawrence Trilling - Gandja Monteiro - Hiromi Kamata"
"Adventure",2023,7.0,58439,"Monarch: Legacy of Monsters","tt17220216",False,"tvSeries","Action - Adventure - Sci-Fi","Mairzee Almas - Andy Goddard - Julian Holmes - Jeff King - Matt Shakman - Lawrence Trilling - Gandja Monteiro - Hiromi Kamata"
"Action",2023,7.0,58439,"Monarch: Legacy of Monsters","tt17220216",False,"tvSeries","Action - Adventure - Sci-Fi","Mairzee Almas - Andy Goddard - Julian Holmes - Jeff King - Matt Shakman - Lawrence Trilling - Gandja Monteiro - Hiromi Kamata"
"Sport",2023,6.5,31078,"Next Goal Wins","tt10767052",False,"movie","Comedy - Drama - Sport","Taika Waititi"
"Drama",2023,7.7,19423,"About Dry Grasses","tt13231544",False,"movie","Drama","Nuri Bilge Ceylan"
"Animation",2023,7.6,24590,"Robot Dreams","tt13429870",False,"movie","Animation - Comedy - Drama","Pablo Berger"
"Drama",2023,7.5,39981,"One Life","tt13097932",False,"movie","Biography - Drama - History","James Hawes"
"Drama",2023,7.4,88067,"The Wonderful Story of Henry Sugar","tt16968450",False,"short","Adventure - Comedy - Drama","Wes Anderson"
"Comedy",2023,7.4,88067,"The Wonderful Story of Henry Sugar","tt16968450",False,"short","Adventure - Comedy - Drama","Wes Anderson"
"Biography",2023,7.5,39981,"One Life","tt13097932",False,"movie","Biography - Drama - History","James Hawes"
"Thriller",2023,5.5,9928,"The Kill Room","tt11908172",False,"movie","Comedy - Thriller","Nicol Paone"
"Comedy",2023,5.5,9928,"The Kill Room","tt11908172",False,"movie","Comedy - Thriller","Nicol Paone"
"Biography",2023,7.1,16929,"Bank of Dave","tt14308636",False,"movie","Biography - Comedy - Drama","Chris Foggin"
"Comedy",2023,7.6,24590,"Robot Dreams","tt13429870",False,"movie","Animation - Comedy - Drama","Pablo Berger"
"Adventure",2023,7.4,88067,"The Wonderful Story of Henry Sugar","tt16968450",False,"short","Adventure - Comedy - Drama","Wes Anderson"
"Fantasy",2023,6.7,11843,"The Animal Kingdom","tt16606592",False,"movie","Adventure - Drama - Fantasy","Thomas Cailley"
"Drama",2023,6.7,11843,"The Animal Kingdom","tt16606592",False,"movie","Adventure - Drama - Fantasy","Thomas Cailley"
"Adventure",2023,6.7,11843,"The Animal Kingdom","tt16606592",False,"movie","Adventure - Drama - Fantasy","Thomas Cailley"
"Adventure",2023,5.1,13496,"Asterix & Obelix: The Middle Kingdom","tt11210390",False,"movie","Adventure - Comedy - Family","Guillaume Canet - Khaled Haffad"
"Romance",2023,6.6,7885,"Sometimes I Think About Dying","tt16431966",False,"movie","Comedy - Drama - Romance","Rachel Lambert"
"Drama",2023,6.6,7885,"Sometimes I Think About Dying","tt16431966",False,"movie","Comedy - Drama - Romance","Rachel Lambert"
"Comedy",2023,6.6,7885,"Sometimes I Think About Dying","tt16431966",False,"movie","Comedy - Drama - Romance","Rachel Lambert"
"Comedy",2023,7.1,16929,"Bank of Dave","tt14308636",False,"movie","Biography - Comedy - Drama","Chris Foggin"
"Drama",2023,7.1,16929,"Bank of Dave","tt14308636",False,"movie","Biography - Comedy - Drama","Chris Foggin"
"Comedy",2023,6.3,110468,"Operation Fortune: Ruse de Guerre","tt7985704",False,"movie","Action - Adventure - Comedy","Guy Ritchie"
"Horror",2023,5.9,17625,"The Toxic Avenger","tt1633359",False,"movie","Action - Comedy - Horror","Macon Blair"
"Action",2023,6.1,46570,"Kandahar","tt5761544",False,"movie","Action - Drama - Thriller","Ric Roman Waugh"
"Drama",2023,6.1,46570,"Kandahar","tt5761544",False,"movie","Action - Drama - Thriller","Ric Roman Waugh"
"Thriller",2023,6.1,46570,"Kandahar","tt5761544",False,"movie","Action - Drama - Thriller","Ric Roman Waugh"
"Comedy",2023,5.9,17625,"The Toxic Avenger","tt1633359",False,"movie","Action - Comedy - Horror","Macon Blair"
"Action",2023,5.9,17625,"The Toxic Avenger","tt1633359",False,"movie","Action - Comedy - Horror","Macon Blair"
"Horror",2023,6.9,60787,"When Evil Lurks","tt16300962",False,"movie","Horror","Demián Rugna"
"Comedy",2023,5.1,13496,"Asterix & Obelix: The Middle Kingdom","tt11210390",False,"movie","Adventure - Comedy - Family","Guillaume Canet - Khaled Haffad"
"Family",2023,5.1,13496,"Asterix & Obelix: The Middle Kingdom","tt11210390",False,"movie","Adventure - Comedy - Family","Guillaume Canet - Khaled Haffad"
"Action",2023,6.4,119384,"Renfield","tt11358390",False,"movie","Action - Comedy - Fantasy","Chris McKay"
"Drama",2023,7.8,173228,"Society of the Snow","tt16277242",False,"movie","Adventure - Biography - Drama","J.A. Bayona"
"Biography",2023,7.8,173228,"Society of the Snow","tt16277242",False,"movie","Adventure - Biography - Drama","J.A. Bayona"
"Adventure",2023,7.8,173228,"Society of the Snow","tt16277242",False,"movie","Adventure - Biography - Drama","J.A. Bayona"
"Adventure",2023,6.3,110468,"Operation Fortune: Ruse de Guerre","tt7985704",False,"movie","Action - Adventure - Comedy","Guy Ritchie"
"Action",2023,6.3,110468,"Operation Fortune: Ruse de Guerre","tt7985704",False,"movie","Action - Adventure - Comedy","Guy Ritchie"
NULL,2023,4.4,21,"Mob Humor","tt16257866",False,"movie","","Antoine Fountain - Dennyann Giambrone - Devin 'Don Cito' Meadows"
"Drama",2023,7.6,24590,"Robot Dreams","tt13429870",False,"movie","Animation - Comedy - Drama","Pablo Berger"
"Thriller",2023,6.5,7612,"Sleep","tt8209702",False,"movie","Horror - Mystery - Thriller","Jason Yu"
"Mystery",2023,6.5,7612,"Sleep","tt8209702",False,"movie","Horror - Mystery - Thriller","Jason Yu"
"Horror",2023,6.5,7612,"Sleep","tt8209702",False,"movie","Horror - Mystery - Thriller","Jason Yu"
"History",2023,6.9,6780,"The Settlers","tt10370812",False,"movie","Crime - Drama - History","Felipe Gálvez Haberle"
"Drama",2023,6.9,6780,"The Settlers","tt10370812",False,"movie","Crime - Drama - History","Felipe Gálvez Haberle"
"Crime",2023,6.9,6780,"The Settlers","tt10370812",False,"movie","Crime - Drama - History","Felipe Gálvez Haberle"
"History",2023,7.5,53052,"All the Light We Cannot See","tt15320362",True,"tvMiniSeries","Drama - History - War","Shawn Levy"
"War",2023,7.5,53052,"All the Light We Cannot See","tt15320362",True,"tvMiniSeries","Drama - History - War","Shawn Levy"
"Animation",2023,6.4,4819,"Merry Little Batman","tt15352516",False,"movie","Animation - Comedy - Family","Mike Roth"
"Adventure",2023,6.6,46536,"Migration","tt6495056",False,"movie","Adventure - Animation - Comedy","Benjamin Renner"
"Animation",2023,6.6,46536,"Migration","tt6495056",False,"movie","Adventure - Animation - Comedy","Benjamin Renner"
"Comedy",2023,6.6,46536,"Migration","tt6495056",False,"movie","Adventure - Animation - Comedy","Benjamin Renner"
"Comedy",2023,6.4,4819,"Merry Little Batman","tt15352516",False,"movie","Animation - Comedy - Family","Mike Roth"
"Thriller",2023,5.4,15529,"Baghead","tt14030816",False,"movie","Horror - Mystery - Thriller","Alberto Corredor"
"Mystery",2023,5.4,15529,"Baghead","tt14030816",False,"movie","Horror - Mystery - Thriller","Alberto Corredor"
"Family",2023,6.4,4819,"Merry Little Batman","tt15352516",False,"movie","Animation - Comedy - Family","Mike Roth"
"Comedy",2023,5.0,471,"Big Shark","tt9755806",False,"movie","Adventure - Comedy - Horror","Tommy Wiseau"
"Adventure",2023,5.0,471,"Big Shark","tt9755806",False,"movie","Adventure - Comedy - Horror","Tommy Wiseau"
"Drama",2023,5.3,27973,"Silent Night","tt15799866",False,"movie","Action - Crime - Drama","John Woo"
"Crime",2023,5.3,27973,"Silent Night","tt15799866",False,"movie","Action - Crime - Drama","John Woo"
"Action",2023,5.3,27973,"Silent Night","tt15799866",False,"movie","Action - Crime - Drama","John Woo"
"Action",2023,6.0,28406,"Fast Charlie","tt6722400",False,"movie","Action - Crime - Drama","Phillip Noyce"
"Crime",2023,6.0,28406,"Fast Charlie","tt6722400",False,"movie","Action - Crime - Drama","Phillip Noyce"
"Drama",2023,6.0,28406,"Fast Charlie","tt6722400",False,"movie","Action - Crime - Drama","Phillip Noyce"
"Horror",2023,5.4,15529,"Baghead","tt14030816",False,"movie","Horror - Mystery - Thriller","Alberto Corredor"
"Comedy",2023,7.9,468817,"Guardians of the Galaxy Vol. 3","tt6791350",False,"movie","Action - Adventure - Comedy","James Gunn"
"Adventure",2023,7.9,468817,"Guardians of the Galaxy Vol. 3","tt6791350",False,"movie","Action - Adventure - Comedy","James Gunn"
"Action",2023,7.9,468817,"Guardians of the Galaxy Vol. 3","tt6791350",False,"movie","Action - Adventure - Comedy","James Gunn"
"Western",2023,6.2,13592,"Strange Way of Life","tt13055264",False,"short","Drama - Short - Western","Pedro Almodóvar"
"Short",2023,6.2,13592,"Strange Way of Life","tt13055264",False,"short","Drama - Short - Western","Pedro Almodóvar"
"Drama",2023,6.2,13592,"Strange Way of Life","tt13055264",False,"short","Drama - Short - Western","Pedro Almodóvar"
"Crime",2023,6.2,1808,"The Goldfinger","tt14099796",False,"movie","Action - Crime - Drama","Felix Chong"
"Drama",2023,6.2,1808,"The Goldfinger","tt14099796",False,"movie","Action - Crime - Drama","Felix Chong"
"Fantasy",2023,6.8,93397,"Dream Scenario","tt21942866",True,"movie","Comedy - Drama - Fantasy","Kristoffer Borgli"
"Drama",2023,6.8,93397,"Dream Scenario","tt21942866",True,"movie","Comedy - Drama - Fantasy","Kristoffer Borgli"
"Comedy",2023,6.8,93397,"Dream Scenario","tt21942866",True,"movie","Comedy - Drama - Fantasy","Kristoffer Borgli"
"Thriller",2023,5.8,9247,"The End We Start From","tt21810682",False,"movie","Drama - Thriller","Mahalia Belo"
"Drama",2023,5.8,9247,"The End We Start From","tt21810682",False,"movie","Drama - Thriller","Mahalia Belo"
"Drama",2023,6.8,2788,"Deep Sea","tt25434854",False,"movie","Adventure - Animation - Drama","Xiaopeng Tian"
"Sci-Fi",2023,6.7,47810,"They Cloned Tyrone","tt9873892",False,"movie","Comedy - Mystery - Sci-Fi","Juel Taylor"
"Comedy",2023,6.0,12032,"Please Don't Destroy: The Treasure of Foggy Mountain","tt21335356",False,"movie","Action - Adventure - Comedy","Paul Briganti"
"Adventure",2023,6.0,12032,"Please Don't Destroy: The Treasure of Foggy Mountain","tt21335356",False,"movie","Action - Adventure - Comedy","Paul Briganti"
"Action",2023,6.0,12032,"Please Don't Destroy: The Treasure of Foggy Mountain","tt21335356",False,"movie","Action - Adventure - Comedy","Paul Briganti"
"Sci-Fi",2023,5.3,14720,"I.S.S.","tt13655120",True,"movie","Sci-Fi - Thriller","Gabriela Cowperthwaite"
"Thriller",2023,5.3,14720,"I.S.S.","tt13655120",True,"movie","Sci-Fi - Thriller","Gabriela Cowperthwaite"
"Action",2023,6.4,40197,"Boy Kills World","tt13923084",True,"movie","Action - Adventure - Comedy","Moritz Mohr"
"Drama",2023,6.1,1553,"Late Bloomers","tt21284442",False,"movie","Comedy - Drama","Lisa Steen"
"Comedy",2023,6.1,1553,"Late Bloomers","tt21284442",False,"movie","Comedy - Drama","Lisa Steen"
"Animation",2023,6.8,2788,"Deep Sea","tt25434854",False,"movie","Adventure - Animation - Drama","Xiaopeng Tian"
"Sci-Fi",2023,6.8,3239,"River","tt27695005",True,"movie","Comedy - Fantasy - Sci-Fi","Junta Yamaguchi"
"Comedy",2023,6.8,80,"Invaders from Proxima B","tt28085416",False,"movie","Comedy - Family","Ward Roberts"
"Family",2023,6.8,80,"Invaders from Proxima B","tt28085416",False,"movie","Comedy - Family","Ward Roberts"
"Action",2023,6.1,3850,"Shin Kamen Rider","tt14379088",True,"movie","Action - Adventure - Drama","Hideaki Anno"
"Adventure",2023,6.1,3850,"Shin Kamen Rider","tt14379088",True,"movie","Action - Adventure - Drama","Hideaki Anno"
"Drama",2023,6.1,3850,"Shin Kamen Rider","tt14379088",True,"movie","Action - Adventure - Drama","Hideaki Anno"
"Adventure",2023,6.8,2788,"Deep Sea","tt25434854",False,"movie","Adventure - Animation - Drama","Xiaopeng Tian"
"Family",2023,5.3,4611,"Good Burger 2","tt25289836",False,"movie","Comedy - Family","Phil Traill"
"Comedy",2023,5.3,4611,"Good Burger 2","tt25289836",False,"movie","Comedy - Family","Phil Traill"
"Horror",2023,6.2,78999,"No One Will Save You","tt14509110",True,"movie","Horror - Mystery - Sci-Fi","Brian Duffield"
"Mystery",2023,6.2,78999,"No One Will Save You","tt14509110",True,"movie","Horror - Mystery - Sci-Fi","Brian Duffield"
"Sci-Fi",2023,6.2,78999,"No One Will Save You","tt14509110",True,"movie","Horror - Mystery - Sci-Fi","Brian Duffield"
"Fantasy",2023,7.0,11809,"Humanist Vampire Seeking Consenting Suicidal Person","tt24216998",False,"movie","Comedy - Drama - Fantasy","Ariane Louis-Seize"
"Drama",2023,7.0,11809,"Humanist Vampire Seeking Consenting Suicidal Person","tt24216998",False,"movie","Comedy - Drama - Fantasy","Ariane Louis-Seize"
"Documentary",2023,8.1,7821,"Life on Our Planet","tt23181388",True,"tvMiniSeries","Documentary","Adam Chapman - Nick Shoolingin-Jordan - Barny Revill - Sophie Lanfear - Gisle Sverdrup"
"History",2023,4.3,3943,"Boudica: Queen of War","tt22688572",False,"movie","Action - Drama - History","Jesse V. Johnson"
"Drama",2023,4.3,3943,"Boudica: Queen of War","tt22688572",False,"movie","Action - Drama - History","Jesse V. Johnson"
"Adventure",2023,6.4,40197,"Boy Kills World","tt13923084",True,"movie","Action - Adventure - Comedy","Moritz Mohr"
"Biography",2023,6.4,67291,"Ferrari","tt3758542",False,"movie","Biography - Drama - History","Michael Mann"
"Drama",2023,6.4,67291,"Ferrari","tt3758542",False,"movie","Biography - Drama - History","Michael Mann"
"History",2023,6.4,67291,"Ferrari","tt3758542",False,"movie","Biography - Drama - History","Michael Mann"
"Comedy",2023,6.4,40197,"Boy Kills World","tt13923084",True,"movie","Action - Adventure - Comedy","Moritz Mohr"
"Action",2023,6.7,222727,"The Killer","tt1136617",True,"movie","Action - Adventure - Crime","David Fincher"
"Thriller",2023,6.2,20651,"The Wrath of Becky","tt20916568",False,"movie","Action - Comedy - Thriller","Matt Angel - Suzanne Coote"
"Comedy",2023,6.2,20651,"The Wrath of Becky","tt20916568",False,"movie","Action - Comedy - Thriller","Matt Angel - Suzanne Coote"
"Action",2023,6.2,20651,"The Wrath of Becky","tt20916568",False,"movie","Action - Comedy - Thriller","Matt Angel - Suzanne Coote"
"Crime",2023,7.3,179,"Starring Jerry as Himself","tt23329452",False,"movie","Biography - Crime - Documentary","Law Chen"
"Horror",2023,4.2,298,"Dick Dynamite 1944","tt10461442",True,"movie","Action - Comedy - Horror","Robbie Davidson"
"Comedy",2023,4.2,298,"Dick Dynamite 1944","tt10461442",True,"movie","Action - Comedy - Horror","Robbie Davidson"
"Drama",2023,6.1,7988,"Freud's Last Session","tt20420628",False,"movie","Drama","Matt Brown"
"Action",2023,7.2,77822,"Teenage Mutant Ninja Turtles: Mutant Mayhem","tt8589698",False,"movie","Action - Adventure - Animation","Kyler Spears - Jeff Rowe"
"Adventure",2023,7.2,77822,"Teenage Mutant Ninja Turtles: Mutant Mayhem","tt8589698",False,"movie","Action - Adventure - Animation","Kyler Spears - Jeff Rowe"
"Animation",2023,7.2,77822,"Teenage Mutant Ninja Turtles: Mutant Mayhem","tt8589698",False,"movie","Action - Adventure - Animation","Kyler Spears - Jeff Rowe"
"Biography",2023,6.8,4377,"The Last Rifleman","tt12404266",False,"movie","Biography - Drama - War","Terry Loane"
"Drama",2023,6.8,4377,"The Last Rifleman","tt12404266",False,"movie","Biography - Drama - War","Terry Loane"
"War",2023,6.8,4377,"The Last Rifleman","tt12404266",False,"movie","Biography - Drama - War","Terry Loane"
"Fantasy",2023,6.4,119384,"Renfield","tt11358390",False,"movie","Action - Comedy - Fantasy","Chris McKay"
"Comedy",2023,6.4,119384,"Renfield","tt11358390",False,"movie","Action - Comedy - Fantasy","Chris McKay"
"Mystery",2023,6.5,7318,"The Crime Is Mine","tt20330434",False,"movie","Comedy - Crime - Mystery","François Ozon"
"Crime",2023,6.5,7318,"The Crime Is Mine","tt20330434",False,"movie","Comedy - Crime - Mystery","François Ozon"
"Comedy",2023,6.5,7318,"The Crime Is Mine","tt20330434",False,"movie","Comedy - Crime - Mystery","François Ozon"
"Action",2023,4.2,298,"Dick Dynamite 1944","tt10461442",True,"movie","Action - Comedy - Horror","Robbie Davidson"
"Documentary",2023,7.3,179,"Starring Jerry as Himself","tt23329452",False,"movie","Biography - Crime - Documentary","Law Chen"
"Mystery",2023,6.6,4297,"Only the River Flows","tt27590147",False,"movie","Crime - Drama - Mystery","Wei Shujun"
"Thriller",2023,7.0,30355,"Knox Goes Away","tt20115766",False,"movie","Crime - Thriller","Michael Keaton"
"Crime",2023,7.0,30355,"Knox Goes Away","tt20115766",False,"movie","Crime - Thriller","Michael Keaton"
"Thriller",2023,7.3,8562,"Femme","tt20114686",False,"movie","Drama - Thriller","Sam H. Freeman - Ng Choon Ping"
"Drama",2023,7.3,8562,"Femme","tt20114686",False,"movie","Drama - Thriller","Sam H. Freeman - Ng Choon Ping"
"Comedy",2023,4.3,561,"Bad CGI Gator","tt28309395",False,"movie","Comedy - Horror","Danny Draven"
"Action",2023,4.3,3943,"Boudica: Queen of War","tt22688572",False,"movie","Action - Drama - History","Jesse V. Johnson"
"Horror",2023,4.3,561,"Bad CGI Gator","tt28309395",False,"movie","Comedy - Horror","Danny Draven"
"Horror",2023,5.4,137541,"Five Nights at Freddy's","tt4589218",False,"movie","Horror - Mystery - Thriller","Emma Tammi"
"Mystery",2023,5.4,137541,"Five Nights at Freddy's","tt4589218",False,"movie","Horror - Mystery - Thriller","Emma Tammi"
"Thriller",2023,5.4,137541,"Five Nights at Freddy's","tt4589218",False,"movie","Horror - Mystery - Thriller","Emma Tammi"
"Drama",2023,5.6,1116,"The Last Spark of Hope","tt27989255",False,"movie","Drama - Sci-Fi","Piotr Biedron"
"Sci-Fi",2023,5.6,1116,"The Last Spark of Hope","tt27989255",False,"movie","Drama - Sci-Fi","Piotr Biedron"
"Biography",2023,7.3,179,"Starring Jerry as Himself","tt23329452",False,"movie","Biography - Crime - Documentary","Law Chen"
"History",2023,7.5,39981,"One Life","tt13097932",False,"movie","Biography - Drama - History","James Hawes"
"Drama",2023,6.6,4297,"Only the River Flows","tt27590147",False,"movie","Crime - Drama - Mystery","Wei Shujun"
"Crime",2023,6.6,4297,"Only the River Flows","tt27590147",False,"movie","Crime - Drama - Mystery","Wei Shujun"
"Crime",2023,6.7,222727,"The Killer","tt1136617",True,"movie","Action - Adventure - Crime","David Fincher"
"Comedy",2023,6.8,3239,"River","tt27695005",True,"movie","Comedy - Fantasy - Sci-Fi","Junta Yamaguchi"
"Drama",2023,7.6,202581,"Godzilla Minus One","tt23289160",False,"movie","Action - Adventure - Drama","Takashi Yamazaki"
"Action",2023,5.6,140284,"Rebel Moon - Part One: A Child of Fire","tt14998742",True,"movie","Action - Adventure - Drama","Zack Snyder"
"Mystery",2023,6.7,47810,"They Cloned Tyrone","tt9873892",False,"movie","Comedy - Mystery - Sci-Fi","Juel Taylor"
"Comedy",2023,6.7,47810,"They Cloned Tyrone","tt9873892",False,"movie","Comedy - Mystery - Sci-Fi","Juel Taylor"
"Comedy",2024,5.6,4933,"The Underdoggs","tt21434318",False,"movie","Comedy - Sport","Charles Stone III"
"Horror",2024,7.0,223319,"Heretic","tt28015403",True,"movie","Horror - Thriller","Scott Beck - Bryan Woods"
"Thriller",2024,7.0,223319,"Heretic","tt28015403",True,"movie","Horror - Thriller","Scott Beck - Bryan Woods"
"Animation",2024,7.2,10969,"Twilight of the Gods","tt10625492",False,"tvSeries","Action - Adventure - Animation","David Hartman - Jay Oliva - Zack Snyder - Andrew Tamandl - Tim Divar"
"Adventure",2024,7.2,10969,"Twilight of the Gods","tt10625492",False,"tvSeries","Action - Adventure - Animation","David Hartman - Jay Oliva - Zack Snyder - Andrew Tamandl - Tim Divar"
"Action",2024,6.2,2691,"Suicide Squad Isekai","tt28279848",False,"tvSeries","Action - Adventure - Animation","Eri Osada"
"Adventure",2024,6.2,2691,"Suicide Squad Isekai","tt28279848",False,"tvSeries","Action - Adventure - Animation","Eri Osada"
"Animation",2024,6.2,2691,"Suicide Squad Isekai","tt28279848",False,"tvSeries","Action - Adventure - Animation","Eri Osada"
"Action",2024,6.5,11038,"The Shadow Strays","tt28349451",True,"movie","Action - Crime - Thriller","Timo Tjahjanto"
"Crime",2024,6.5,11038,"The Shadow Strays","tt28349451",True,"movie","Action - Crime - Thriller","Timo Tjahjanto"
"Thriller",2024,6.5,11038,"The Shadow Strays","tt28349451",True,"movie","Action - Crime - Thriller","Timo Tjahjanto"
"Action",2024,7.2,10969,"Twilight of the Gods","tt10625492",False,"tvSeries","Action - Adventure - Animation","David Hartman - Jay Oliva - Zack Snyder - Andrew Tamandl - Tim Divar"
"Comedy",2024,4.8,1712,"Krazy House","tt12276028",True,"movie","Comedy - Horror","Steffen Haars - Flip Van der Kuil"
"Animation",2024,6.5,712,"Boys Go to Jupiter","tt31021863",True,"movie","Animation - Comedy - Drama","Julian Glander"
"Comedy",2024,6.5,712,"Boys Go to Jupiter","tt31021863",True,"movie","Animation - Comedy - Drama","Julian Glander"
"Drama",2024,6.5,712,"Boys Go to Jupiter","tt31021863",True,"movie","Animation - Comedy - Drama","Julian Glander"
"Horror",2024,4.8,1712,"Krazy House","tt12276028",True,"movie","Comedy - Horror","Steffen Haars - Flip Van der Kuil"
"Mystery",2024,7.9,22365,"Boy Swallows Universe","tt10399902",False,"tvMiniSeries","Crime - Drama - Mystery","Jocelyn Moorhouse - Bharat Nalluri - Kim Mordaunt"
"Animation",2024,7.8,21703,"Look Back","tt31711040",True,"movie","Animation - Drama","Kiyotaka Oshiyama"
"Drama",2024,7.8,21703,"Look Back","tt31711040",True,"movie","Animation - Drama","Kiyotaka Oshiyama"
"Horror",2024,6.4,71242,"Kinds of Kindness","tt22408160",False,"movie","Comedy - Drama - Horror","Yorgos Lanthimos"
"Drama",2024,6.4,71242,"Kinds of Kindness","tt22408160",False,"movie","Comedy - Drama - Horror","Yorgos Lanthimos"
"Drama",2024,7.9,22365,"Boy Swallows Universe","tt10399902",False,"tvMiniSeries","Crime - Drama - Mystery","Jocelyn Moorhouse - Bharat Nalluri - Kim Mordaunt"
"Crime",2024,7.9,22365,"Boy Swallows Universe","tt10399902",False,"tvMiniSeries","Crime - Drama - Mystery","Jocelyn Moorhouse - Bharat Nalluri - Kim Mordaunt"
"Comedy",2024,6.4,71242,"Kinds of Kindness","tt22408160",False,"movie","Comedy - Drama - Horror","Yorgos Lanthimos"
"Sport",2024,5.5,1982,"Sweet Dreams","tt22399738",False,"movie","Comedy - Drama - Sport","Lije Sarki"
"Action",2024,4.6,369,"Bangkok Dog","tt32368033",False,"movie","Action - Crime - Thriller","Chaya Supannarat"
"Crime",2024,4.6,369,"Bangkok Dog","tt32368033",False,"movie","Action - Crime - Thriller","Chaya Supannarat"
"Thriller",2024,4.6,369,"Bangkok Dog","tt32368033",False,"movie","Action - Crime - Thriller","Chaya Supannarat"
"Drama",2024,5.5,1982,"Sweet Dreams","tt22399738",False,"movie","Comedy - Drama - Sport","Lije Sarki"
"Comedy",2024,5.5,1982,"Sweet Dreams","tt22399738",False,"movie","Comedy - Drama - Sport","Lije Sarki"
"Mystery",2024,6.5,3057,"Joko Anwar's Nightmares and Daydreams","tt21962590",False,"tvSeries","Drama - Horror - Mystery","Joko Anwar - Randolph Zaini - Ray Farandy Pakpahan - Tommy Dewo"
"Action",2024,7.1,8314,"Watchmen: Chapter I","tt32627540",False,"movie","Action - Animation - Drama","Brandon Vietti"
"Animation",2024,7.1,8314,"Watchmen: Chapter I","tt32627540",False,"movie","Action - Animation - Drama","Brandon Vietti"
"Drama",2024,7.1,8314,"Watchmen: Chapter I","tt32627540",False,"movie","Action - Animation - Drama","Brandon Vietti"
"Horror",2024,6.5,3057,"Joko Anwar's Nightmares and Daydreams","tt21962590",False,"tvSeries","Drama - Horror - Mystery","Joko Anwar - Randolph Zaini - Ray Farandy Pakpahan - Tommy Dewo"
"Drama",2024,6.5,3057,"Joko Anwar's Nightmares and Daydreams","tt21962590",False,"tvSeries","Drama - Horror - Mystery","Joko Anwar - Randolph Zaini - Ray Farandy Pakpahan - Tommy Dewo"
"Sport",2024,5.6,4933,"The Underdoggs","tt21434318",False,"movie","Comedy - Sport","Charles Stone III"
"War",2024,4.7,862,"Invasion","tt21265054",False,"movie","Action - Thriller - War","Bobby Boermans"
"Horror",2024,5.7,33824,"Cuckoo","tt12349832",False,"movie","Horror - Mystery - Thriller","Tilman Singer"
"Mystery",2024,5.7,33824,"Cuckoo","tt12349832",False,"movie","Horror - Mystery - Thriller","Tilman Singer"
"Thriller",2024,5.7,33824,"Cuckoo","tt12349832",False,"movie","Horror - Mystery - Thriller","Tilman Singer"
"Thriller",2024,4.7,862,"Invasion","tt21265054",False,"movie","Action - Thriller - War","Bobby Boermans"
"Action",2024,4.7,862,"Invasion","tt21265054",False,"movie","Action - Thriller - War","Bobby Boermans"
"Sci-Fi",2024,5.8,1306,"Meanwhile on Earth","tt21247132",True,"movie","Adventure - Drama - Sci-Fi","Jérémy Clapin"
"Drama",2024,5.8,1306,"Meanwhile on Earth","tt21247132",True,"movie","Adventure - Drama - Sci-Fi","Jérémy Clapin"
"Adventure",2024,5.8,1306,"Meanwhile on Earth","tt21247132",True,"movie","Adventure - Drama - Sci-Fi","Jérémy Clapin"
"Romance",2024,6.1,32083,"Lisa Frankenstein","tt21188080",True,"movie","Comedy - Horror - Romance","Zelda Williams"
"Horror",2024,6.1,32083,"Lisa Frankenstein","tt21188080",True,"movie","Comedy - Horror - Romance","Zelda Williams"
"Comedy",2024,6.1,32083,"Lisa Frankenstein","tt21188080",True,"movie","Comedy - Horror - Romance","Zelda Williams"
"Horror",2024,6.6,173254,"Beetlejuice Beetlejuice","tt2049403",False,"movie","Comedy - Fantasy - Horror","Tim Burton"
"Fantasy",2024,6.6,173254,"Beetlejuice Beetlejuice","tt2049403",False,"movie","Comedy - Fantasy - Horror","Tim Burton"
"Comedy",2024,6.6,173254,"Beetlejuice Beetlejuice","tt2049403",False,"movie","Comedy - Fantasy - Horror","Tim Burton"
"Fantasy",2024,3.7,6672,"Angels Fallen: Warriors of Peace","tt20258220",False,"movie","Action - Adventure - Fantasy","Ali Zamani"
"Adventure",2024,3.7,6672,"Angels Fallen: Warriors of Peace","tt20258220",False,"movie","Action - Adventure - Fantasy","Ali Zamani"
"Action",2024,3.7,6672,"Angels Fallen: Warriors of Peace","tt20258220",False,"movie","Action - Adventure - Fantasy","Ali Zamani"
"Sport",2024,5.8,6022,"Race for Glory: Audi vs. Lancia","tt20112600",True,"movie","Biography - Drama - Sport","Stefano Mordini"
"Drama",2024,5.8,6022,"Race for Glory: Audi vs. Lancia","tt20112600",True,"movie","Biography - Drama - Sport","Stefano Mordini"
"Biography",2024,5.8,6022,"Race for Glory: Audi vs. Lancia","tt20112600",True,"movie","Biography - Drama - Sport","Stefano Mordini"
"Comedy",2024,6.8,6095,"Exploding Kittens","tt19734104",False,"tvSeries","Animation - Comedy","Eddie Rosas - Joel Moser - Scott Bern - Traci Honda"
"Animation",2024,6.8,6095,"Exploding Kittens","tt19734104",False,"tvSeries","Animation - Comedy","Eddie Rosas - Joel Moser - Scott Bern - Traci Honda"
"Mystery",2024,6.6,63784,"Love Lies Bleeding","tt19637052",False,"movie","Crime - Drama - Mystery","Rose Glass"
"Drama",2024,6.6,63784,"Love Lies Bleeding","tt19637052",False,"movie","Crime - Drama - Mystery","Rose Glass"
"Crime",2024,6.6,63784,"Love Lies Bleeding","tt19637052",False,"movie","Crime - Drama - Mystery","Rose Glass"
"Action",2024,4.7,57635,"Borderlands","tt4978420",True,"movie","Action - Adventure - Comedy","Eli Roth"
"Adventure",2024,4.7,57635,"Borderlands","tt4978420",True,"movie","Action - Adventure - Comedy","Eli Roth"
"Comedy",2024,4.7,57635,"Borderlands","tt4978420",True,"movie","Action - Adventure - Comedy","Eli Roth"
"Thriller",2024,6.7,21911,"Constellation","tt19395018",True,"tvSeries","Sci-Fi - Thriller","Joseph Cedar - Oliver Hirschbiegel - Michelle MacLaren"
"Sci-Fi",2024,6.7,21911,"Constellation","tt19395018",True,"tvSeries","Sci-Fi - Thriller","Joseph Cedar - Oliver Hirschbiegel - Michelle MacLaren"
"Thriller",2024,5.4,28269,"Drive-Away Dolls","tt19356262",True,"movie","Action - Comedy - Thriller","Ethan Coen"
"Comedy",2024,5.4,28269,"Drive-Away Dolls","tt19356262",True,"movie","Action - Comedy - Thriller","Ethan Coen"
"Action",2024,5.4,28269,"Drive-Away Dolls","tt19356262",True,"movie","Action - Comedy - Thriller","Ethan Coen"
"Action",2024,6.8,99558,"Monkey Man","tt9214772",False,"movie","Action - Crime - Thriller","Dev Patel"
"Thriller",2024,7.6,73552,"Dark Matter","tt19231492",False,"tvSeries","Drama - Sci-Fi - Thriller","Alik Sakharov - Roxann Dawson - Gwyneth Horder-Payton - Guillermo Navarro - Charlotte Sieling - Jakob Verbruggen - Amit Gupta - Nick Murphy - Celine Held - Logan George"
"Sci-Fi",2024,7.6,73552,"Dark Matter","tt19231492",False,"tvSeries","Drama - Sci-Fi - Thriller","Alik Sakharov - Roxann Dawson - Gwyneth Horder-Payton - Guillermo Navarro - Charlotte Sieling - Jakob Verbruggen - Amit Gupta - Nick Murphy - Celine Held - Logan George"
"Drama",2024,7.6,73552,"Dark Matter","tt19231492",False,"tvSeries","Drama - Sci-Fi - Thriller","Alik Sakharov - Roxann Dawson - Gwyneth Horder-Payton - Guillermo Navarro - Charlotte Sieling - Jakob Verbruggen - Amit Gupta - Nick Murphy - Celine Held - Logan George"
"Drama",2024,7.5,29832,"The Brothers Sun","tt17632862",False,"tvSeries","Action - Comedy - Drama","Viet Nguyen - Kevin Tancharoen"
"Comedy",2024,7.5,29832,"The Brothers Sun","tt17632862",False,"tvSeries","Action - Comedy - Drama","Viet Nguyen - Kevin Tancharoen"
"Action",2024,7.5,29832,"The Brothers Sun","tt17632862",False,"tvSeries","Action - Comedy - Drama","Viet Nguyen - Kevin Tancharoen"
"Animation",2024,5.5,39,"Teacher's Pet","tt17044106",False,"movie","Animation","Gary Baseman - Alana Avallone"
"Mystery",2024,5.7,12086,"Slingshot","tt12616480",True,"movie","Mystery - Sci-Fi - Thriller","Mikael Håfström"
"Crime",2024,6.8,99558,"Monkey Man","tt9214772",False,"movie","Action - Crime - Thriller","Dev Patel"
"Thriller",2024,6.8,99558,"Monkey Man","tt9214772",False,"movie","Action - Crime - Thriller","Dev Patel"
"Sci-Fi",2024,5.7,12086,"Slingshot","tt12616480",True,"movie","Mystery - Sci-Fi - Thriller","Mikael Håfström"
"Thriller",2024,5.7,12086,"Slingshot","tt12616480",True,"movie","Mystery - Sci-Fi - Thriller","Mikael Håfström"
"Drama",2024,7.4,42777,"Sugar","tt16418808",False,"tvSeries","Action - Crime - Drama","Adam Arkin - Fernando Meirelles"
"Crime",2024,7.4,42777,"Sugar","tt16418808",False,"tvSeries","Action - Crime - Drama","Adam Arkin - Fernando Meirelles"
"Action",2024,7.4,42777,"Sugar","tt16418808",False,"tvSeries","Action - Crime - Drama","Adam Arkin - Fernando Meirelles"
"Comedy",2024,4.2,31,"The Greatest Surf Movie in the Universe","tt16274700",True,"movie","Animation - Comedy","Vaughan Blakey - Nick Pollet"
"Animation",2024,4.2,31,"The Greatest Surf Movie in the Universe","tt16274700",True,"movie","Animation - Comedy","Vaughan Blakey - Nick Pollet"
"Action",2024,5.5,6582,"The Unholy Trinity","tt6300910",False,"movie","Action - Adventure - Crime","Richard Gray"
"Adventure",2024,5.5,6582,"The Unholy Trinity","tt6300910",False,"movie","Action - Adventure - Crime","Richard Gray"
"Crime",2024,5.5,6582,"The Unholy Trinity","tt6300910",False,"movie","Action - Adventure - Crime","Richard Gray"
"Thriller",2024,6.3,179027,"The Beekeeper","tt15314262",False,"movie","Action - Crime - Thriller","David Ayer"
"Crime",2024,6.3,179027,"The Beekeeper","tt15314262",False,"movie","Action - Crime - Thriller","David Ayer"
"Action",2024,6.3,179027,"The Beekeeper","tt15314262",False,"movie","Action - Crime - Thriller","David Ayer"
"Thriller",2024,5.6,99772,"Argylle","tt15009428",True,"movie","Action - Comedy - Thriller","Matthew Vaughn"
"Comedy",2024,5.6,99772,"Argylle","tt15009428",True,"movie","Action - Comedy - Thriller","Matthew Vaughn"
"Action",2024,5.6,99772,"Argylle","tt15009428",True,"movie","Action - Comedy - Thriller","Matthew Vaughn"
"Action",2024,6.4,1587,"Escape from the 21st Century","tt7171442",True,"movie","Action - Adventure - Drama","Yang Li"
"Adventure",2024,6.4,1587,"Escape from the 21st Century","tt7171442",True,"movie","Action - Adventure - Drama","Yang Li"
"Drama",2024,6.4,1587,"Escape from the 21st Century","tt7171442",True,"movie","Action - Adventure - Drama","Yang Li"
"Animation",2024,6.3,39727,"The Lord of the Rings: The War of the Rohirrim","tt14824600",False,"movie","Action - Adventure - Animation","Kenji Kamiyama"
"Adventure",2024,6.3,39727,"The Lord of the Rings: The War of the Rohirrim","tt14824600",False,"movie","Action - Adventure - Animation","Kenji Kamiyama"
"Action",2024,6.3,39727,"The Lord of the Rings: The War of the Rohirrim","tt14824600",False,"movie","Action - Adventure - Animation","Kenji Kamiyama"
"Fantasy",2024,6.0,134268,"Godzilla x Kong: The New Empire","tt14539740",False,"movie","Action - Adventure - Fantasy","Adam Wingard"
"Adventure",2024,6.0,134268,"Godzilla x Kong: The New Empire","tt14539740",False,"movie","Action - Adventure - Fantasy","Adam Wingard"
"Action",2024,6.0,134268,"Godzilla x Kong: The New Empire","tt14539740",False,"movie","Action - Adventure - Fantasy","Adam Wingard"
"Thriller",2024,5.4,18846,"Never Let Go","tt14415204",False,"movie","Horror - Mystery - Thriller","Alexandre Aja"
"Mystery",2024,5.4,18846,"Never Let Go","tt14415204",False,"movie","Horror - Mystery - Thriller","Alexandre Aja"
"Horror",2024,5.4,18846,"Never Let Go","tt14415204",False,"movie","Horror - Mystery - Thriller","Alexandre Aja"
"Comedy",2024,5.3,2339,"Destroy All Neighbors","tt7884368",False,"movie","Comedy - Horror","Josh Forbes"
"Horror",2024,5.3,2339,"Destroy All Neighbors","tt7884368",False,"movie","Comedy - Horror","Josh Forbes"
"Drama",2024,6.0,23433,"Devara Part 1","tt11821912",True,"movie","Action - Adventure - Drama","Koratala Siva"
"Adventure",2024,6.0,23433,"Devara Part 1","tt11821912",True,"movie","Action - Adventure - Drama","Koratala Siva"
"Action",2024,6.0,23433,"Devara Part 1","tt11821912",True,"movie","Action - Adventure - Drama","Koratala Siva"
"Comedy",2024,5.4,22116,"Dear Santa","tt2396431",True,"movie","Comedy - Fantasy","Bobby Farrelly"
"Fantasy",2024,5.4,22116,"Dear Santa","tt2396431",True,"movie","Comedy - Fantasy","Bobby Farrelly"
"Mystery",2024,5.6,30541,"Elevation","tt23558280",False,"movie","Action - Horror - Mystery","George Nolfi"
"Horror",2024,5.6,30541,"Elevation","tt23558280",False,"movie","Action - Horror - Mystery","George Nolfi"
"Action",2024,5.6,30541,"Elevation","tt23558280",False,"movie","Action - Horror - Mystery","George Nolfi"
"Mystery",2024,6.5,222582,"Longlegs","tt23468450",False,"movie","Crime - Horror - Mystery","Osgood Perkins"
"Horror",2024,6.5,222582,"Longlegs","tt23468450",False,"movie","Crime - Horror - Mystery","Osgood Perkins"
"Biography",2024,6.3,29604,"Queer","tt24176060",True,"movie","Biography - Drama - History","Luca Guadagnino"
"Drama",2024,6.3,29604,"Queer","tt24176060",True,"movie","Biography - Drama - History","Luca Guadagnino"
"History",2024,6.3,29604,"Queer","tt24176060",True,"movie","Biography - Drama - History","Luca Guadagnino"
"Crime",2024,6.5,222582,"Longlegs","tt23468450",False,"movie","Crime - Horror - Mystery","Osgood Perkins"
"Action",2024,7.8,69956,"Masters of the Air","tt2640044",True,"tvMiniSeries","Action - Drama - History","Ryan Fleck - Timothy Van Patten - Anna Boden - Cary Joji Fukunaga - Dee Rees"
"Drama",2024,7.8,69956,"Masters of the Air","tt2640044",True,"tvMiniSeries","Action - Drama - History","Ryan Fleck - Timothy Van Patten - Anna Boden - Cary Joji Fukunaga - Dee Rees"
"History",2024,7.8,69956,"Masters of the Air","tt2640044",True,"tvMiniSeries","Action - Drama - History","Ryan Fleck - Timothy Van Patten - Anna Boden - Cary Joji Fukunaga - Dee Rees"
"Action",2025,4.6,16672,"Ash","tt17489650",False,"movie","Action - Adventure - Horror","Flying Lotus"
"Crime",2025,7.1,274153,"Thunderbolts*","tt20969586",True,"movie","Action - Adventure - Crime","Jake Schreier"
"Comedy",2025,5.8,52192,"Death of a Unicorn","tt28443655",True,"movie","Comedy - Fantasy - Horror","Alex Scharfman"
"Drama",2025,6.9,6882,"The History of Sound","tt15799524",False,"movie","Drama - History - Music","Oliver Hermanus"
"History",2025,6.9,6882,"The History of Sound","tt15799524",False,"movie","Drama - History - Music","Oliver Hermanus"
"Music",2025,6.9,6882,"The History of Sound","tt15799524",False,"movie","Drama - History - Music","Oliver Hermanus"
"Action",2025,7.0,35931,"Good Luck, Have Fun, Don't Die","tt1341338",False,"movie","Action - Adventure - Comedy","Gore Verbinski"
"Adventure",2025,7.1,274153,"Thunderbolts*","tt20969586",True,"movie","Action - Adventure - Crime","Jake Schreier"
"Drama",2025,7.3,36045,"The Eternaut","tt27740241",False,"tvSeries","Action - Adventure - Drama","Bruno Stagnaro"
"Adventure",2025,NULL,NULL,"Animal Farm","tt2467700",True,"movie","Adventure - Animation - Comedy","Andy Serkis"
"Animation",2025,NULL,NULL,"Animal Farm","tt2467700",True,"movie","Adventure - Animation - Comedy","Andy Serkis"
"Adventure",2025,4.6,16672,"Ash","tt17489650",False,"movie","Action - Adventure - Horror","Flying Lotus"
"Horror",2025,4.6,16672,"Ash","tt17489650",False,"movie","Action - Adventure - Horror","Flying Lotus"
"Comedy",2025,NULL,NULL,"Animal Farm","tt2467700",True,"movie","Adventure - Animation - Comedy","Andy Serkis"
"Sci-Fi",2025,5.8,193669,"Jurassic World: Rebirth","tt31036941",False,"movie","Action - Adventure - Sci-Fi","Gareth Edwards"
"Adventure",2025,5.8,193669,"Jurassic World: Rebirth","tt31036941",False,"movie","Action - Adventure - Sci-Fi","Gareth Edwards"
"Comedy",2025,5.2,5177,"Fixed","tt8785038",False,"movie","Adventure - Animation - Comedy","Genndy Tartakovsky"
"Animation",2025,5.2,5177,"Fixed","tt8785038",False,"movie","Adventure - Animation - Comedy","Genndy Tartakovsky"
"Adventure",2025,5.2,5177,"Fixed","tt8785038",False,"movie","Adventure - Animation - Comedy","Genndy Tartakovsky"
"Fantasy",2025,7.3,6047,"Arco","tt14883538",False,"movie","Adventure - Animation - Fantasy","Ugo Bienvenu"
"Animation",2025,7.3,6047,"Arco","tt14883538",False,"movie","Adventure - Animation - Fantasy","Ugo Bienvenu"
"Adventure",2025,7.3,6047,"Arco","tt14883538",False,"movie","Adventure - Animation - Fantasy","Ugo Bienvenu"
"Action",2025,5.8,193669,"Jurassic World: Rebirth","tt31036941",False,"movie","Action - Adventure - Sci-Fi","Gareth Edwards"
"Mystery",2025,5.2,25089,"Honey Don't!","tt30645201",False,"movie","Comedy - Crime - Mystery","Ethan Coen"
"Crime",2025,5.2,25089,"Honey Don't!","tt30645201",False,"movie","Comedy - Crime - Mystery","Ethan Coen"
"Action",2025,6.5,96467,"The Amateur","tt0899043",False,"movie","Action - Thriller","James Hawes"
"Thriller",2025,6.5,96467,"The Amateur","tt0899043",False,"movie","Action - Thriller","James Hawes"
"Action",2025,7.1,274153,"Thunderbolts*","tt20969586",True,"movie","Action - Adventure - Crime","Jake Schreier"
"Comedy",2025,5.2,25089,"Honey Don't!","tt30645201",False,"movie","Comedy - Crime - Mystery","Ethan Coen"
"Sci-Fi",2025,6.8,658,"All You Need Is Kill","tt36148135",True,"movie","Action - Animation - Sci-Fi","Yukinori Nakamura - Ken'ichirô Akimoto"
"Animation",2025,6.8,658,"All You Need Is Kill","tt36148135",True,"movie","Action - Animation - Sci-Fi","Yukinori Nakamura - Ken'ichirô Akimoto"
"Action",2025,6.8,658,"All You Need Is Kill","tt36148135",True,"movie","Action - Animation - Sci-Fi","Yukinori Nakamura - Ken'ichirô Akimoto"
"Adventure",2025,7.3,36045,"The Eternaut","tt27740241",False,"tvSeries","Action - Adventure - Drama","Bruno Stagnaro"
"Drama",2025,5.0,4122,"O'Dessa","tt26304178",True,"movie","Drama - Music - Musical","Geremy Jasper"
"Drama",2025,4.2,719,"Site","tt10278542",False,"movie","Drama - Horror - Sci-Fi","Jason Eric Perlman"
"Horror",2025,4.2,719,"Site","tt10278542",False,"movie","Drama - Horror - Sci-Fi","Jason Eric Perlman"
"Sci-Fi",2025,4.2,719,"Site","tt10278542",False,"movie","Drama - Horror - Sci-Fi","Jason Eric Perlman"
"Music",2025,5.2,1225,"Paradise Records","tt35168834",True,"movie","Action - Comedy - Music","Logic"
"Comedy",2025,5.2,1225,"Paradise Records","tt35168834",True,"movie","Action - Comedy - Music","Logic"
"Action",2025,5.2,1225,"Paradise Records","tt35168834",True,"movie","Action - Comedy - Music","Logic"
"Drama",2025,5.1,1646,"Xeno","tt27629220",True,"movie","Adventure - Drama - Mystery","Matthew Loren Oates"
"Action",2025,5.9,84093,"The Electric State","tt7766378",False,"movie","Action - Adventure - Comedy","Anthony Russo - Joe Russo"
"Adventure",2025,5.9,84093,"The Electric State","tt7766378",False,"movie","Action - Adventure - Comedy","Anthony Russo - Joe Russo"
"Comedy",2025,5.9,84093,"The Electric State","tt7766378",False,"movie","Action - Adventure - Comedy","Anthony Russo - Joe Russo"
"Horror",2025,6.7,168815,"The Gorge","tt13654226",False,"movie","Action - Adventure - Horror","Scott Derrickson"
"Adventure",2025,6.7,168815,"The Gorge","tt13654226",False,"movie","Action - Adventure - Horror","Scott Derrickson"
"Action",2025,6.7,168815,"The Gorge","tt13654226",False,"movie","Action - Adventure - Horror","Scott Derrickson"
"Music",2025,5.0,4122,"O'Dessa","tt26304178",True,"movie","Drama - Music - Musical","Geremy Jasper"
"Musical",2025,5.0,4122,"O'Dessa","tt26304178",True,"movie","Drama - Music - Musical","Geremy Jasper"
"Crime",2025,6.3,124035,"The Naked Gun","tt3402138",True,"movie","Action - Comedy - Crime","Akiva Schaffer"
"Comedy",2025,6.3,124035,"The Naked Gun","tt3402138",True,"movie","Action - Comedy - Crime","Akiva Schaffer"
"Action",2025,6.3,124035,"The Naked Gun","tt3402138",True,"movie","Action - Comedy - Crime","Akiva Schaffer"
"Drama",2025,7.3,231416,"Wake Up Dead Man","tt14364480",False,"movie","Comedy - Crime - Drama","Rian Johnson"
"Crime",2025,7.3,231416,"Wake Up Dead Man","tt14364480",False,"movie","Comedy - Crime - Drama","Rian Johnson"
"Comedy",2025,7.3,231416,"Wake Up Dead Man","tt14364480",False,"movie","Comedy - Crime - Drama","Rian Johnson"
"Music",2025,7.2,7225,"The Singers","tt33508491",False,"short","Comedy - Drama - Music","Sam A. Davis"
"Drama",2025,7.2,7225,"The Singers","tt33508491",False,"short","Comedy - Drama - Music","Sam A. Davis"
"Comedy",2025,7.2,7225,"The Singers","tt33508491",False,"short","Comedy - Drama - Music","Sam A. Davis"
"Drama",2025,5.6,68601,"Havoc","tt14123284",False,"movie","Action - Crime - Drama","Gareth Evans"
"Action",2025,7.3,36045,"The Eternaut","tt27740241",False,"tvSeries","Action - Adventure - Drama","Bruno Stagnaro"
"Mystery",2025,5.1,1646,"Xeno","tt27629220",True,"movie","Adventure - Drama - Mystery","Matthew Loren Oates"
"Adventure",2025,5.1,1646,"Xeno","tt27629220",True,"movie","Adventure - Drama - Mystery","Matthew Loren Oates"
"Crime",2025,5.6,68601,"Havoc","tt14123284",False,"movie","Action - Crime - Drama","Gareth Evans"
"Action",2025,5.6,68601,"Havoc","tt14123284",False,"movie","Action - Crime - Drama","Gareth Evans"
"Thriller",2025,5.1,937,"Killing Mary Sue","tt33504750",False,"movie","Action - Comedy - Thriller","James Sunshine"
"Comedy",2025,5.1,937,"Killing Mary Sue","tt33504750",False,"movie","Action - Comedy - Thriller","James Sunshine"
"Adventure",2025,7.0,35931,"Good Luck, Have Fun, Don't Die","tt1341338",False,"movie","Action - Adventure - Comedy","Gore Verbinski"
"Comedy",2025,7.0,35931,"Good Luck, Have Fun, Don't Die","tt1341338",False,"movie","Action - Adventure - Comedy","Gore Verbinski"
"Action",2025,5.1,937,"Killing Mary Sue","tt33504750",False,"movie","Action - Comedy - Thriller","James Sunshine"
"Comedy",2025,5.6,54221,"Anaconda","tt33244668",False,"movie","Action - Adventure - Comedy","Tom Gormican"
"Comedy",2025,8.1,63558,"The Studio","tt23649128",True,"tvSeries","Comedy - Drama","Seth Rogen - Evan Goldberg"
"Drama",2025,8.1,63558,"The Studio","tt23649128",True,"tvSeries","Comedy - Drama","Seth Rogen - Evan Goldberg"
"Horror",2025,5.8,52192,"Death of a Unicorn","tt28443655",True,"movie","Comedy - Fantasy - Horror","Alex Scharfman"
"Adventure",2025,5.6,54221,"Anaconda","tt33244668",False,"movie","Action - Adventure - Comedy","Tom Gormican"
"Action",2025,5.6,54221,"Anaconda","tt33244668",False,"movie","Action - Adventure - Comedy","Tom Gormican"
"Horror",2025,5.3,1614,"Queens of the Dead","tt32986431",False,"movie","Comedy - Horror","Tina Romero"
"Comedy",2025,5.3,1614,"Queens of the Dead","tt32986431",False,"movie","Comedy - Horror","Tina Romero"
"Comedy",2025,6.5,41532,"Good Fortune","tt27543578",True,"movie","Comedy - Fantasy - Romance","Aziz Ansari"
"Fantasy",2025,6.5,41532,"Good Fortune","tt27543578",True,"movie","Comedy - Fantasy - Romance","Aziz Ansari"
"Romance",2025,6.5,41532,"Good Fortune","tt27543578",True,"movie","Comedy - Fantasy - Romance","Aziz Ansari"
"Fantasy",2025,5.8,52192,"Death of a Unicorn","tt28443655",True,"movie","Comedy - Fantasy - Horror","Alex Scharfman"
"Adventure",2026,NULL,NULL,"Spider-Noir","tt30460310",False,"tvSeries","Action - Adventure - Crime","Harry Bradbeer"
"Action",2026,NULL,NULL,"The Odyssey","tt33764258",False,"movie","Action - Adventure - Fantasy","Christopher Nolan"
"Drama",2026,NULL,NULL,"Photograph 51","tt5033276",False,"movie","Drama","Tom Hooper"
"Comedy",2026,4.6,3445,"Outcome","tt23724682",False,"movie","Comedy - Crime - Drama","Jonah Hill"
"Crime",2026,4.6,3445,"Outcome","tt23724682",False,"movie","Comedy - Crime - Drama","Jonah Hill"
"Action",2026,NULL,NULL,"Spider-Noir","tt30460310",False,"tvSeries","Action - Adventure - Crime","Harry Bradbeer"
"Drama",2026,4.6,3445,"Outcome","tt23724682",False,"movie","Comedy - Crime - Drama","Jonah Hill"
"Adventure",2026,7.5,32683,"Hoppers","tt26443616",False,"movie","Adventure - Animation - Comedy","Daniel Chong"
"Animation",2026,7.5,32683,"Hoppers","tt26443616",False,"movie","Adventure - Animation - Comedy","Daniel Chong"
"Comedy",2026,7.5,32683,"Hoppers","tt26443616",False,"movie","Adventure - Animation - Comedy","Daniel Chong"
"Action",2026,NULL,NULL,"The Sheep Detectives","tt32565993",True,"movie","Action - Comedy - Mystery","Kyle Balda"
"Drama",2026,NULL,NULL,"Digger","tt31450459",False,"movie","Comedy - Drama","Alejandro G. Iñárritu"
"Crime",2026,NULL,NULL,"Spider-Noir","tt30460310",False,"tvSeries","Action - Adventure - Crime","Harry Bradbeer"
"Fantasy",2026,NULL,NULL,"The Odyssey","tt33764258",False,"movie","Action - Adventure - Fantasy","Christopher Nolan"
"Adventure",2026,NULL,NULL,"The Odyssey","tt33764258",False,"movie","Action - Adventure - Fantasy","Christopher Nolan"
"Mystery",2026,NULL,NULL,"The Sheep Detectives","tt32565993",True,"movie","Action - Comedy - Mystery","Kyle Balda"
"Comedy",2026,NULL,NULL,"The Sheep Detectives","tt32565993",True,"movie","Action - Comedy - Mystery","Kyle Balda"
"Comedy",2026,NULL,NULL,"Digger","tt31450459",False,"movie","Comedy - Drama","Alejandro G. Iñárritu"
"Action",2026,6.3,85248,"War Machine","tt15940132",False,"movie","Action - Sci-Fi - Thriller","Patrick Hughes"
"Sci-Fi",2026,6.3,85248,"War Machine","tt15940132",False,"movie","Action - Sci-Fi - Thriller","Patrick Hughes"
"Thriller",2026,6.3,85248,"War Machine","tt15940132",False,"movie","Action - Sci-Fi - Thriller","Patrick Hughes"
"Adventure",2026,8.4,195948,"Project Hail Mary","tt12042730",False,"movie","Adventure - Comedy - Sci-Fi","Phil Lord - Christopher Miller"
"Comedy",2026,8.4,195948,"Project Hail Mary","tt12042730",False,"movie","Adventure - Comedy - Sci-Fi","Phil Lord - Christopher Miller"
"Sci-Fi",2026,8.4,195948,"Project Hail Mary","tt12042730",False,"movie","Adventure - Comedy - Sci-Fi","Phil Lord - Christopher Miller"
"Adventure",NULL,NULL,NULL,"The Incal","tt15843316",False,"movie","Adventure - Comedy - Crime","Taika Waititi"
"Comedy",NULL,NULL,NULL,"The Incal","tt15843316",False,"movie","Adventure - Comedy - Crime","Taika Waititi"
"Crime",NULL,NULL,NULL,"The Incal","tt15843316",False,"movie","Adventure - Comedy - Crime","Taika Waititi"
